[strata] 2026-10-10 13:01:09 engine started: /home/cristian/.cache/strata-flashnext-iq3xxs-eval-20261009/source/engine/strata --serve --pack /media/cristian/Disco local/Strata-UD-Q4-review-20261003/data/packs/unsloth-ud-q4_k_xl --native /media/cristian/Disco local/Strata-UD-Q4-review-20261003/models/unsloth-UD-Q4_K_XL/Qwen3.8-Flash-Next-UD-Q4_K_XL-00001-of-00004.gguf --expert-profile /media/cristian/Disco local/Strata-UD-Q4-review-20261003/Strata-0.1.35/data/expert-profile.bin --expert-cache auto --prefill auto --spec 4 --spec-min-p 0.70 --mtp /media/cristian/Disco local/Strata-UD-Q4-review-20261003/data/mtp/rt --max-context 131072 --kv int8 --kv-resident 32768 --resident-experts --vram-reserve-mib 2048 --layer-split 18
strata generate: layer split across 2 GPUs: CUDA0, then CUDA1 (split 18)
strata generate: PCIe probe: 12.4 GB/s host->device (best of 12.2 12.4 12.4 12.4) -> pcie_frac 0.34 (default 0.55)
strata generate: native pack: /media/cristian/Disco local/Strata-UD-Q4-review-20261003/data/packs/unsloth-ud-q4_k_xl experts (largest blob 3.99 MB), token embedding Q8_0 in mapped host memory (644 MiB, 0.4 s)
strata generate: 1416 MiB of weights loaded from /media/cristian/Disco local/Strata-UD-Q4-review-20261003/data/packs/unsloth-ud-q4_k_xl in 0.8 s (303 canonical tensors skipped: served natively)
strata generate: 301 native projection matrices, 2975.00 MiB of weights, in 1.7 s
strata generate: the SSD is kept awake while rows are read: one page of the table after 100 ms without a read, until 60 s after the last request (STRATA_SSD_KEEPALIVE=0 turns it off)
strata generate: layer split: CUDA1 PCIe probe 13.2 GB/s (best of 12.5 11.9 13.2 12.5) -> pcie_frac 0.36
strata generate: layer split: CUDA1 holds its weights; 18.72 GiB free (its session follows the split search)
strata generate: profile /media/cristian/Disco local/Strata-UD-Q4-review-20261003/Strata-0.1.35/data/expert-profile.bin: 24576 ranked pairs, built for 24576 slots
strata generate: KV streaming: 32768 of 131072 cells per QSA layer in VRAM, the K/V in 0.52 GiB of pinned RAM
strata generate: PLE on, table 320001536 rows of /media/cristian/Disco local/Strata-UD-Q4-review-20261003/models/unsloth-UD-Q4_K_XL/Qwen3.8-Flash-Next-UD-Q4_K_XL-00002-of-00004.gguf
strata generate: layer split: CUDA1 holds its weights, session [18, 48) and the head; 17.60 GiB free
strata mtp: draft layer loaded, 835 MiB of VRAM (experts 675, dense 111), files read in 0.40 s (1941 MiB/s)
strata generate: GPU 0: NVIDIA GeForce RTX 3090, compute capability 8.6
strata generate: experts via mmap (--mmap-experts; the GGUF shards in place, no experts.bin)
strata generate: CPU pool tasks/phase: 48 (automatic), participating threads: 16
strata generate: 15 pool workers on logical processors 1,2,3,4,5,6,7,8,9,10,11,12,13,14,15, the host thread on 0 (draining too) (--host-core first)
strata generate: expert cache auto: 17.82 GiB free, 2048 MiB reserved (+0 MiB for the draft head) -> 4253 slots
strata generate: expert cache 5376 slots, 15.82 GiB of VRAM; policy is
strata generate: the GPU computes the experts in the cache; it rounds differently from the CPU,
                 so a reply can differ slightly from a run without the cache (same quality:
                 bench/results/2026-09-27-cache-parity).
                 PROFILE, ranked by routing frequency, no eviction.
strata generate: the profile fill asks for 256 pairs ahead (STRATA_FILL_AHEAD)
strata generate: pre-filled 5376 of 5376 slots from the profile in 5.9 s (2860 MB/s); slot 0 verified
strata generate: layer split, CUDA1: 16.78 GiB free of 23.56, room for experts 14.68 GiB
strata generate: layer split: CUDA1 runs layers 18-47, expert cache 5054 slots (14.68 GiB), 5054 of its 15360 profiled pairs; slot 0 verified
strata generate: layer split: CUDA0 runs layers 0-17
strata generate: routing-aware prefetch on (the next layer's router, file tier)
strata generate: R4 hit path ON - resident experts are computed on the GPU
strata generate: 15 expert-pool workers + the host thread
strata generate: session is up (engine 0.1.41)
strata generate: token graph hit path: 10430 resident experts, decided on the device
FileExpertSource: allocating 41.23 GiB page-locked cache complement
FileExpertSource: 17.78 GiB really free for a 41.23 GiB page-locked complement; the model files' cached pages were released: 81.97 GiB free
FileExpertSource: copied cache complement through layer 8/48 (4.57 GiB, 4 s)
FileExpertSource: copied cache complement through layer 16/48 (9.64 GiB, 8 s)
FileExpertSource: copied cache complement through layer 24/48 (16.86 GiB, 12 s)
FileExpertSource: copied cache complement through layer 32/48 (24.77 GiB, 17 s)
FileExpertSource: copied cache complement through layer 40/48 (32.51 GiB, 21 s)
FileExpertSource: copied cache complement through layer 48/48 (41.23 GiB, 25 s)
FileExpertSource: mapped pinned cache complement ready: resident 41.23 GiB, pinned 41.23 GiB in 33 s; page-locked and mapped
FileExpertSource: 5054 verified additional-GPU experts remain on the mmap fallback
strata generate: resident RAM mode: 41.23 GiB of experts in RAM (page-locked), 5376 in the GPU cache; adaptive swaps exchange them with the GPU cache (no file reads)
strata serve: prompt chunk auto: 8192 tokens, a 96-slot ring
strata serve: the prompt path borrows 1221 CUDA0 cache slots (3.60 GiB)
strata serve:   CUDA1 prompt path borrows 1240 of its 5054 slots (3.60 GiB)
strata hc: CUDA1: the hyper-connection read runs as staged (the norm per token and stream, the down projection's activations staged ahead by cp.async); checked bit for bit against the plain read on this card (STRATA_HC_SPLIT=1 or 0 for the earlier ones)
strata verify: window up to 6 tokens, 95.4 MiB of device buffers
strata serve: layer split: layers 0-17 (CUDA0), 18-47 (CUDA1), one hand-off per window
strata hc: CUDA0: the hyper-connection read runs as staged (the norm per token and stream, the down projection's activations staged ahead by cp.async); checked bit for bit against the plain read on this card (STRATA_HC_SPLIT=1 or 0 for the earlier ones)
strata verify: window up to 6 tokens, 95.4 MiB of device buffers
strata mtp: draft head over 106299 tokens (275.7 MiB)
strata serve: 1709 MiB of VRAM free with everything loaded
strata verify: capturing the 4-token window (1675 MiB of VRAM free)
strata verify: captured the 4-token window (upload no error, sync no error)
strata verify: capturing the 4-token window (1473 MiB of VRAM free)
strata verify: captured the 4-token window (upload no error, sync no error)
strata verify: capturing the 1-token window (1669 MiB of VRAM free)
strata verify: captured the 1-token window (upload no error, sync no error)
strata verify: capturing the 1-token window (1463 MiB of VRAM free)
strata verify: captured the 1-token window (upload no error, sync no error)
strata verify: capturing the 2-token window (1661 MiB of VRAM free)
strata verify: captured the 2-token window (upload no error, sync no error)
strata verify: capturing the 2-token window (1451 MiB of VRAM free)
strata verify: captured the 2-token window (upload no error, sync no error)
strata verify: capturing the 6-token window (1655 MiB of VRAM free)
strata verify: captured the 6-token window (upload no error, sync no error)
strata verify: capturing the 6-token window (1441 MiB of VRAM free)
strata verify: captured the 6-token window (upload no error, sync no error)
strata verify: capturing the 3-token window (1640 MiB of VRAM free)
strata verify: captured the 3-token window (upload no error, sync no error)
strata verify: capturing the 3-token window (1429 MiB of VRAM free)
strata verify: captured the 3-token window (upload no error, sync no error)
strata serve: prompt 84 tokens = 0 reused + 84 read in 3907 ms (21.5 tok/s), 102 generated in 2127 ms (47.9 tok/s), drafts accepted 68 of 78, 1 checkpoints
strata serve: decode expert cache hit rate: 76.8% (38360 hits / 49947 lookups); 3813 more read by the GPU over PCIe or from another GPU (7.1% of all 53760 routed)
strata serve: resident RAM: 41.23 GiB of experts in RAM, 768 exchanged with the VRAM tier, 275 blob reads from the file
strata serve: expert tiers: GPU 38360 hits this request; since the start RAM 16550 blobs, files 275 blobs 33760.8 MB read (the GGUF in place)
strata serve: file tier I/O this request: the OS read 71540.5 MB from storage (13304 major faults) for 33760.8 MB of expert reads
strata serve: KV streaming: 98.79% of 15540 block reads hit VRAM, 0.8 MiB read from RAM
strata serve: suffix drafts: 8 windows, 25 of 30 drafts accepted
strata verify: capturing the 5-token window (1634 MiB of VRAM free)
strata verify: captured the 5-token window (upload no error, sync no error)
strata verify: capturing the 5-token window (1417 MiB of VRAM free)
strata verify: captured the 5-token window (upload no error, sync no error)
strata serve: prompt 12970 tokens = 0 reused + 12970 read in 16503 ms (785.9 tok/s), 287 generated in 5219 ms (55.0 tok/s), drafts accepted 205 of 219, 2 checkpoints
strata serve: decode expert cache hit rate: 81.0% (109632 hits / 135397 lookups); 9083 more read by the GPU over PCIe or from another GPU (6.3% of all 144480 routed)
strata serve: resident RAM: 41.23 GiB of experts in RAM, 2688 exchanged with the VRAM tier, 2736 blob reads from the file
strata serve: expert tiers: GPU 109632 hits this request; since the start RAM 84278 blobs, files 2736 blobs 63544.0 MB read (the GGUF in place)
strata serve: file tier I/O this request: the OS read 7665.8 MB from storage (9737 major faults) for 29783.2 MB of expert reads
strata serve: KV streaming: 98.33% of 626464 block reads hit VRAM, 42.2 MiB read from RAM
strata serve: suffix drafts: 10 windows, 45 of 45 drafts accepted
strata serve: prompt 15108 tokens = 0 reused + 8192 of 15108 read in 7039 ms (1163.8 tok/s), 0 generated in 0 ms (0.0 tok/s), drafts accepted 0 of 0, 0 checkpoints (cancelled)
strata serve: resident RAM: 41.23 GiB of experts in RAM, 2784 exchanged with the VRAM tier, 5197 blob reads from the file
strata serve: expert tiers: GPU 0 hits this request; since the start RAM 98424 blobs, files 5197 blobs 79003.1 MB read (the GGUF in place)
strata serve: file tier I/O this request: the OS read 1016.6 MB from storage (4483 major faults) for 15459.1 MB of expert reads
strata serve: KV streaming: 100.00% of 0 block reads hit VRAM, 0.0 MiB read from RAM
strata serve: prompt 12971 tokens = 0 reused + 12971 read in 13587 ms (954.7 tok/s), 226 generated in 3195 ms (70.7 tok/s), drafts accepted 165 of 170, 2 checkpoints
strata serve: decode expert cache hit rate: 89.8% (96338 hits / 107244 lookups); 3636 more read by the GPU over PCIe or from another GPU (3.3% of all 110880 routed)
strata serve: resident RAM: 41.23 GiB of experts in RAM, 4224 exchanged with the VRAM tier, 7658 blob reads from the file
strata serve: expert tiers: GPU 96338 hits this request; since the start RAM 149762 blobs, files 7658 blobs 109059.2 MB read (the GGUF in place)
strata serve: file tier I/O this request: the OS read 30.3 MB from storage (194 major faults) for 30056.0 MB of expert reads
strata serve: KV streaming: 97.90% of 482688 block reads hit VRAM, 40.9 MiB read from RAM
strata serve: suffix drafts: 4 windows, 12 of 12 drafts accepted
strata serve: prompt 15109 tokens = 0 reused + 15109 read in 14282 ms (1057.9 tok/s), 277 generated in 4880 ms (56.8 tok/s), drafts accepted 186 of 217, 2 checkpoints
strata serve: decode expert cache hit rate: 88.0% (126641 hits / 143897 lookups); 5383 more read by the GPU over PCIe or from another GPU (3.6% of all 149280 routed)
strata serve: resident RAM: 41.23 GiB of experts in RAM, 6432 exchanged with the VRAM tier, 10119 blob reads from the file
strata serve: expert tiers: GPU 126641 hits this request; since the start RAM 209267 blobs, files 10119 blobs 139751.2 MB read (the GGUF in place)
strata serve: file tier I/O this request: the OS read 487.1 MB from storage (2479 major faults) for 30692.0 MB of expert reads
strata serve: KV streaming: 98.20% of 647032 block reads hit VRAM, 46.9 MiB read from RAM
strata serve: suffix drafts: 6 windows, 13 of 18 drafts accepted
strata serve: prompt 15343 tokens = 15104 reused + 239 read in 1851 ms (129.1 tok/s), 216 generated in 3454 ms (62.5 tok/s), drafts accepted 160 of 165, 3 checkpoints
strata serve: decode expert cache hit rate: 88.8% (91926 hits / 103508 lookups); 4012 more read by the GPU over PCIe or from another GPU (3.7% of all 107520 routed)
strata serve: resident RAM: 41.23 GiB of experts in RAM, 7872 exchanged with the VRAM tier, 10394 blob reads from the file
strata serve: expert tiers: GPU 91926 hits this request; since the start RAM 229306 blobs, files 10394 blobs 141355.9 MB read (the GGUF in place)
strata serve: file tier I/O this request: the OS read 100.0 MB from storage (214 major faults) for 1604.7 MB of expert reads
strata serve: KV streaming: 98.89% of 1115344 block reads hit VRAM, 49.9 MiB read from RAM
strata serve: suffix drafts: 5 windows, 14 of 15 drafts accepted
strata serve: prompt 15591 tokens = 15338 reused + 253 read in 2065 ms (122.5 tok/s), 305 generated in 4972 ms (61.3 tok/s), drafts accepted 211 of 224, 4 checkpoints
strata serve: decode expert cache hit rate: 90.0% (133367 hits / 148191 lookups); 4449 more read by the GPU over PCIe or from another GPU (2.9% of all 152640 routed)
strata serve: resident RAM: 41.23 GiB of experts in RAM, 10065 exchanged with the VRAM tier, 10669 blob reads from the file
strata serve: expert tiers: GPU 133367 hits this request; since the start RAM 253688 blobs, files 10669 blobs 143017.0 MB read (the GGUF in place)
strata serve: file tier I/O this request: the OS read 67.6 MB from storage (273 major faults) for 1661.0 MB of expert reads
strata serve: KV streaming: 99.26% of 1776724 block reads hit VRAM, 52.8 MiB read from RAM
strata serve: suffix drafts: 2 windows, 6 of 8 drafts accepted
strata serve: prompt 15819 tokens = 15586 reused + 233 read in 1946 ms (119.7 tok/s), 160 generated in 3159 ms (50.6 tok/s), drafts accepted 92 of 128, 5 checkpoints
strata serve: decode expert cache hit rate: 89.0% (81155 hits / 91197 lookups); 2883 more read by the GPU over PCIe or from another GPU (3.1% of all 94080 routed)
strata serve: resident RAM: 41.23 GiB of experts in RAM, 11690 exchanged with the VRAM tier, 10944 blob reads from the file
strata serve: expert tiers: GPU 81155 hits this request; since the start RAM 270528 blobs, files 10944 blobs 144670.7 MB read (the GGUF in place)
strata serve: file tier I/O this request: the OS read 114.1 MB from storage (352 major faults) for 1653.8 MB of expert reads
strata serve: KV streaming: 99.39% of 2187516 block reads hit VRAM, 53.6 MiB read from RAM
strata serve: suffix drafts: 1 windows, 1 of 3 drafts accepted
strata serve: prompt 15108 tokens = 0 reused + 15108 read in 22375 ms (675.2 tok/s), 299 generated in 5422 ms (55.1 tok/s), drafts accepted 215 of 236, 2 checkpoints
strata serve: decode expert cache hit rate: 84.2% (122689 hits / 145709 lookups); 7891 more read by the GPU over PCIe or from another GPU (5.1% of all 153600 routed)
strata serve: resident RAM: 41.23 GiB of experts in RAM, 13701 exchanged with the VRAM tier, 13405 blob reads from the file
strata serve: expert tiers: GPU 122689 hits this request; since the start RAM 340395 blobs, files 13405 blobs 175589.0 MB read (the GGUF in place)
strata serve: file tier I/O this request: the OS read 2264.2 MB from storage (6349 major faults) for 30918.2 MB of expert reads
strata serve: KV streaming: 98.25% of 665496 block reads hit VRAM, 47.0 MiB read from RAM
strata serve: suffix drafts: 31 windows, 105 of 115 drafts accepted
strata serve: prompt 17342 tokens = 0 reused + 17342 read in 17849 ms (971.6 tok/s), 190 generated in 3050 ms (62.3 tok/s), drafts accepted 130 of 154, 2 checkpoints
strata serve: decode expert cache hit rate: 91.7% (92431 hits / 100789 lookups); 2411 more read by the GPU over PCIe or from another GPU (2.3% of all 103200 routed)
strata serve: resident RAM: 41.23 GiB of experts in RAM, 15019 exchanged with the VRAM tier, 15866 blob reads from the file
strata serve: expert tiers: GPU 92431 hits this request; since the start RAM 393554 blobs, files 15866 blobs 206507.2 MB read (the GGUF in place)
strata serve: file tier I/O this request: the OS read 803.0 MB from storage (3062 major faults) for 30918.2 MB of expert reads
strata serve: KV streaming: 97.56% of 449828 block reads hit VRAM, 44.3 MiB read from RAM
strata serve: suffix drafts: 1 windows, 3 of 3 drafts accepted
strata serve: prompt 17627 tokens = 17337 reused + 290 read in 3482 ms (83.3 tok/s), 184 generated in 2877 ms (64.0 tok/s), drafts accepted 129 of 143, 3 checkpoints
strata serve: decode expert cache hit rate: 91.3% (85734 hits / 93902 lookups); 2578 more read by the GPU over PCIe or from another GPU (2.7% of all 96480 routed)
strata serve: resident RAM: 41.23 GiB of experts in RAM, 16262 exchanged with the VRAM tier, 16187 blob reads from the file
strata serve: expert tiers: GPU 85734 hits this request; since the start RAM 410087 blobs, files 16187 blobs 208435.8 MB read (the GGUF in place)
strata serve: file tier I/O this request: the OS read 54.4 MB from storage (206 major faults) for 1928.6 MB of expert reads
strata serve: KV streaming: 98.64% of 870900 block reads hit VRAM, 47.9 MiB read from RAM
strata serve: suffix drafts: 26 windows, 76 of 78 drafts accepted
strata serve: prompt 17878 tokens = 17622 reused + 256 read in 3113 ms (82.2 tok/s), 177 generated in 3432 ms (51.6 tok/s), drafts accepted 110 of 137, 4 checkpoints
strata serve: decode expert cache hit rate: 90.4% (86985 hits / 96171 lookups); 2709 more read by the GPU over PCIe or from another GPU (2.7% of all 98880 routed)
strata serve: resident RAM: 41.23 GiB of experts in RAM, 17820 exchanged with the VRAM tier, 16462 blob reads from the file
strata serve: expert tiers: GPU 86985 hits this request; since the start RAM 427563 blobs, files 16462 blobs 210070.5 MB read (the GGUF in place)
strata serve: file tier I/O this request: the OS read 49.4 MB from storage (152 major faults) for 1634.7 MB of expert reads
strata serve: KV streaming: 99.03% of 1302232 block reads hit VRAM, 51.1 MiB read from RAM
strata serve: suffix drafts: 18 windows, 47 of 54 drafts accepted
strata serve: prompt 18067 tokens = 17873 reused + 194 read in 3516 ms (55.2 tok/s), 172 generated in 3462 ms (49.7 tok/s), drafts accepted 97 of 146, 5 checkpoints
strata serve: decode expert cache hit rate: 92.2% (96756 hits / 104930 lookups); 2110 more read by the GPU over PCIe or from another GPU (2.0% of all 107040 routed)
strata serve: resident RAM: 41.23 GiB of experts in RAM, 19407 exchanged with the VRAM tier, 16737 blob reads from the file
strata serve: expert tiers: GPU 96756 hits this request; since the start RAM 442268 blobs, files 16737 blobs 211681.3 MB read (the GGUF in place)
strata serve: file tier I/O this request: the OS read 83.9 MB from storage (170 major faults) for 1610.8 MB of expert reads
strata serve: KV streaming: 99.25% of 1768488 block reads hit VRAM, 53.7 MiB read from RAM
strata serve: suffix drafts: 8 windows, 19 of 24 drafts accepted
strata serve: prompt 17679 tokens = 0 reused + 17679 read in 15650 ms (1129.7 tok/s), 316 generated in 5446 ms (58.0 tok/s), drafts accepted 203 of 223, 2 checkpoints
strata serve: decode expert cache hit rate: 88.0% (137514 hits / 156208 lookups); 6032 more read by the GPU over PCIe or from another GPU (3.7% of all 162240 routed)
strata serve: resident RAM: 41.23 GiB of experts in RAM, 21644 exchanged with the VRAM tier, 19198 blob reads from the file
strata serve: expert tiers: GPU 137514 hits this request; since the start RAM 508723 blobs, files 19198 blobs 242599.5 MB read (the GGUF in place)
strata serve: file tier I/O this request: the OS read 1467.5 MB from storage (3993 major faults) for 30918.2 MB of expert reads
strata serve: KV streaming: 98.26% of 702468 block reads hit VRAM, 49.2 MiB read from RAM
strata serve: suffix drafts: 15 windows, 59 of 62 drafts accepted
strata serve: prompt 19756 tokens = 0 reused + 19756 read in 15773 ms (1252.5 tok/s), 182 generated in 2757 ms (66.0 tok/s), drafts accepted 127 of 137, 2 checkpoints
strata serve: decode expert cache hit rate: 89.8% (80323 hits / 89432 lookups); 2728 more read by the GPU over PCIe or from another GPU (3.0% of all 92160 routed)
strata serve: resident RAM: 41.23 GiB of experts in RAM, 22974 exchanged with the VRAM tier, 21659 blob reads from the file
strata serve: expert tiers: GPU 80323 hits this request; since the start RAM 562711 blobs, files 21659 blobs 273517.8 MB read (the GGUF in place)
strata serve: file tier I/O this request: the OS read 959.8 MB from storage (3579 major faults) for 30918.2 MB of expert reads
strata serve: KV streaming: 97.29% of 402584 block reads hit VRAM, 44.0 MiB read from RAM
strata serve: suffix drafts: 2 windows, 7 of 8 drafts accepted
strata serve: prompt 19972 tokens = 19751 reused + 221 read in 1901 ms (116.2 tok/s), 215 generated in 3348 ms (64.2 tok/s), drafts accepted 152 of 165, 3 checkpoints
strata serve: decode expert cache hit rate: 89.6% (94942 hits / 105965 lookups); 3475 more read by the GPU over PCIe or from another GPU (3.2% of all 109440 routed)
strata serve: resident RAM: 41.23 GiB of experts in RAM, 24510 exchanged with the VRAM tier, 21934 blob reads from the file
strata serve: expert tiers: GPU 94942 hits this request; since the start RAM 582200 blobs, files 21934 blobs 275138.3 MB read (the GGUF in place)
strata serve: file tier I/O this request: the OS read 50.3 MB from storage (117 major faults) for 1620.5 MB of expert reads
strata serve: KV streaming: 98.43% of 879108 block reads hit VRAM, 55.5 MiB read from RAM
strata serve: suffix drafts: 10 windows, 25 of 28 drafts accepted
strata serve: prompt 20199 tokens = 19967 reused + 232 read in 1837 ms (126.3 tok/s), 125 generated in 2265 ms (55.2 tok/s), drafts accepted 80 of 91, 4 checkpoints
strata serve: decode expert cache hit rate: 88.5% (55844 hits / 63073 lookups); 2207 more read by the GPU over PCIe or from another GPU (3.4% of all 65280 routed)
strata serve: resident RAM: 41.23 GiB of experts in RAM, 25566 exchanged with the VRAM tier, 22209 blob reads from the file
strata serve: expert tiers: GPU 55844 hits this request; since the start RAM 596182 blobs, files 22209 blobs 276794.1 MB read (the GGUF in place)
strata serve: file tier I/O this request: the OS read 64.9 MB from storage (212 major faults) for 1655.8 MB of expert reads
strata serve: KV streaming: 98.76% of 1166660 block reads hit VRAM, 58.4 MiB read from RAM
strata serve: suffix drafts: 1 windows, 3 of 3 drafts accepted
strata serve: prompt 20181 tokens = 0 reused + 20181 read in 16208 ms (1245.2 tok/s), 224 generated in 3798 ms (59.0 tok/s), drafts accepted 171 of 179, 2 checkpoints
strata serve: decode expert cache hit rate: 83.5% (88455 hits / 105924 lookups); 6396 more read by the GPU over PCIe or from another GPU (5.7% of all 112320 routed)
strata serve: resident RAM: 41.23 GiB of experts in RAM, 26910 exchanged with the VRAM tier, 24670 blob reads from the file
strata serve: expert tiers: GPU 88455 hits this request; since the start RAM 660197 blobs, files 24670 blobs 307712.3 MB read (the GGUF in place)
strata serve: file tier I/O this request: the OS read 1069.8 MB from storage (3437 major faults) for 30918.2 MB of expert reads
strata serve: KV streaming: 97.32% of 488852 block reads hit VRAM, 52.7 MiB read from RAM
strata serve: suffix drafts: 16 windows, 78 of 80 drafts accepted
strata serve: prompt 22344 tokens = 0 reused + 22344 read in 17581 ms (1270.9 tok/s), 194 generated in 3086 ms (62.9 tok/s), drafts accepted 132 of 148, 3 checkpoints
strata serve: decode expert cache hit rate: 91.0% (90680 hits / 99635 lookups); 2605 more read by the GPU over PCIe or from another GPU (2.5% of all 102240 routed)
strata serve: resident RAM: 41.23 GiB of experts in RAM, 28345 exchanged with the VRAM tier, 27131 blob reads from the file
strata serve: expert tiers: GPU 90680 hits this request; since the start RAM 717405 blobs, files 27131 blobs 342084.3 MB read (the GGUF in place)
strata serve: file tier I/O this request: the OS read 399.1 MB from storage (1796 major faults) for 34372.0 MB of expert reads
strata serve: KV streaming: 97.16% of 445716 block reads hit VRAM, 51.0 MiB read from RAM
strata serve: suffix drafts: 3 windows, 9 of 9 drafts accepted
strata serve: prompt 22559 tokens = 22339 reused + 220 read in 2009 ms (109.5 tok/s), 122 generated in 2298 ms (53.1 tok/s), drafts accepted 76 of 96, 4 checkpoints
strata serve: decode expert cache hit rate: 88.3% (58144 hits / 65870 lookups); 2290 more read by the GPU over PCIe or from another GPU (3.4% of all 68160 routed)
strata serve: resident RAM: 41.23 GiB of experts in RAM, 29475 exchanged with the VRAM tier, 27406 blob reads from the file
strata serve: expert tiers: GPU 58144 hits this request; since the start RAM 732330 blobs, files 27406 blobs 343736.5 MB read (the GGUF in place)
strata serve: file tier I/O this request: the OS read 68.7 MB from storage (222 major faults) for 1652.2 MB of expert reads
strata serve: KV streaming: 98.07% of 745600 block reads hit VRAM, 58.1 MiB read from RAM
strata serve: suffix drafts: 3 windows, 8 of 9 drafts accepted
strata serve: prompt 22851 tokens = 0 reused + 22851 read in 19585 ms (1166.8 tok/s), 326 generated in 6309 ms (51.7 tok/s), drafts accepted 200 of 221, 3 checkpoints
strata serve: decode expert cache hit rate: 84.3% (134126 hits / 159159 lookups); 8361 more read by the GPU over PCIe or from another GPU (5.0% of all 167520 routed)
strata serve: resident RAM: 41.23 GiB of experts in RAM, 32042 exchanged with the VRAM tier, 29867 blob reads from the file
strata serve: expert tiers: GPU 134126 hits this request; since the start RAM 819944 blobs, files 29867 blobs 382384.3 MB read (the GGUF in place)
strata serve: file tier I/O this request: the OS read 684.7 MB from storage (2159 major faults) for 38647.8 MB of expert reads
strata serve: KV streaming: 97.93% of 725064 block reads hit VRAM, 60.6 MiB read from RAM
strata serve: suffix drafts: 28 windows, 89 of 89 drafts accepted
strata serve: prompt 24980 tokens = 0 reused + 24980 read in 19849 ms (1258.5 tok/s), 190 generated in 3060 ms (62.1 tok/s), drafts accepted 136 of 149, 3 checkpoints
strata serve: decode expert cache hit rate: 88.8% (84788 hits / 95455 lookups); 3425 more read by the GPU over PCIe or from another GPU (3.5% of all 98880 routed)
strata serve: resident RAM: 41.23 GiB of experts in RAM, 33342 exchanged with the VRAM tier, 32328 blob reads from the file
strata serve: expert tiers: GPU 84788 hits this request; since the start RAM 890205 blobs, files 32328 blobs 421032.1 MB read (the GGUF in place)
strata serve: file tier I/O this request: the OS read 914.6 MB from storage (2801 major faults) for 38647.8 MB of expert reads
strata serve: KV streaming: 96.73% of 431336 block reads hit VRAM, 56.8 MiB read from RAM
strata serve: suffix drafts: 7 windows, 19 of 21 drafts accepted
strata serve: prompt 25166 tokens = 24975 reused + 191 read in 1760 ms (108.6 tok/s), 119 generated in 2152 ms (55.3 tok/s), drafts accepted 80 of 94, 4 checkpoints
strata serve: decode expert cache hit rate: 88.6% (55916 hits / 63078 lookups); 2202 more read by the GPU over PCIe or from another GPU (3.4% of all 65280 routed)
strata serve: resident RAM: 41.23 GiB of experts in RAM, 34302 exchanged with the VRAM tier, 32603 blob reads from the file
strata serve: expert tiers: GPU 55916 hits this request; since the start RAM 904046 blobs, files 32603 blobs 422640.3 MB read (the GGUF in place)
strata serve: file tier I/O this request: the OS read 47.4 MB from storage (164 major faults) for 1608.2 MB of expert reads
strata serve: KV streaming: 97.84% of 718900 block reads hit VRAM, 62.6 MiB read from RAM
strata serve: suffix drafts: 1 windows, 0 of 3 drafts accepted
strata serve: prompt 25436 tokens = 0 reused + 25436 read in 19810 ms (1284.0 tok/s), 197 generated in 3327 ms (59.2 tok/s), drafts accepted 146 of 161, 3 checkpoints
strata serve: decode expert cache hit rate: 85.9% (83989 hits / 97832 lookups); 4888 more read by the GPU over PCIe or from another GPU (4.8% of all 102720 routed)
strata serve: resident RAM: 41.23 GiB of experts in RAM, 35646 exchanged with the VRAM tier, 35064 blob reads from the file
strata serve: expert tiers: GPU 83989 hits this request; since the start RAM 977945 blobs, files 35064 blobs 461288.1 MB read (the GGUF in place)
strata serve: file tier I/O this request: the OS read 601.8 MB from storage (2006 major faults) for 38647.8 MB of expert reads
strata serve: KV streaming: 96.88% of 447768 block reads hit VRAM, 56.3 MiB read from RAM
strata serve: suffix drafts: 9 windows, 41 of 45 drafts accepted
strata serve: prompt 27590 tokens = 0 reused + 27590 read in 20044 ms (1376.5 tok/s), 163 generated in 2795 ms (58.3 tok/s), drafts accepted 112 of 128, 3 checkpoints
strata serve: decode expert cache hit rate: 89.1% (74334 hits / 83451 lookups); 2949 more read by the GPU over PCIe or from another GPU (3.4% of all 86400 routed)
strata serve: resident RAM: 41.23 GiB of experts in RAM, 36894 exchanged with the VRAM tier, 37525 blob reads from the file
strata serve: expert tiers: GPU 74334 hits this request; since the start RAM 1046579 blobs, files 37525 blobs 499935.9 MB read (the GGUF in place)
strata serve: file tier I/O this request: the OS read 338.1 MB from storage (1696 major faults) for 38647.8 MB of expert reads
strata serve: KV streaming: 96.01% of 377936 block reads hit VRAM, 60.8 MiB read from RAM
strata serve: suffix drafts: 8 windows, 27 of 32 drafts accepted
strata serve: prompt 27800 tokens = 27585 reused + 215 read in 1888 ms (113.9 tok/s), 108 generated in 1944 ms (55.5 tok/s), drafts accepted 71 of 79, 4 checkpoints
strata serve: decode expert cache hit rate: 88.2% (47795 hits / 54209 lookups); 1951 more read by the GPU over PCIe or from another GPU (3.5% of all 56160 routed)
strata serve: resident RAM: 41.23 GiB of experts in RAM, 37758 exchanged with the VRAM tier, 37800 blob reads from the file
strata serve: expert tiers: GPU 47795 hits this request; since the start RAM 1059956 blobs, files 37800 blobs 501568.1 MB read (the GGUF in place)
strata serve: file tier I/O this request: the OS read 29.2 MB from storage (143 major faults) for 1632.2 MB of expert reads
strata serve: KV streaming: 97.33% of 626468 block reads hit VRAM, 67.5 MiB read from RAM
strata serve: prompt 28083 tokens = 0 reused + 28083 read in 20327 ms (1381.6 tok/s), 269 generated in 4372 ms (61.5 tok/s), drafts accepted 198 of 207, 3 checkpoints
strata serve: decode expert cache hit rate: 86.5% (111082 hits / 128486 lookups); 5914 more read by the GPU over PCIe or from another GPU (4.4% of all 134400 routed)
strata serve: resident RAM: 41.23 GiB of experts in RAM, 39433 exchanged with the VRAM tier, 40261 blob reads from the file
strata serve: expert tiers: GPU 111082 hits this request; since the start RAM 1138266 blobs, files 40261 blobs 540215.9 MB read (the GGUF in place)
strata serve: file tier I/O this request: the OS read 506.4 MB from storage (1631 major faults) for 38647.8 MB of expert reads
strata serve: KV streaming: 97.23% of 583332 block reads hit VRAM, 65.1 MiB read from RAM
strata serve: suffix drafts: 19 windows, 86 of 88 drafts accepted
strata serve: prompt 30293 tokens = 0 reused + 30293 read in 20489 ms (1478.5 tok/s), 213 generated in 4159 ms (51.2 tok/s), drafts accepted 135 of 157, 3 checkpoints
strata serve: decode expert cache hit rate: 85.8% (92897 hits / 108243 lookups); 5037 more read by the GPU over PCIe or from another GPU (4.4% of all 113280 routed)
strata serve: resident RAM: 41.23 GiB of experts in RAM, 41353 exchanged with the VRAM tier, 42722 blob reads from the file
strata serve: expert tiers: GPU 92897 hits this request; since the start RAM 1214333 blobs, files 42722 blobs 578863.7 MB read (the GGUF in place)
strata serve: file tier I/O this request: the OS read 434.8 MB from storage (1829 major faults) for 38647.8 MB of expert reads
strata serve: KV streaming: 96.53% of 492964 block reads hit VRAM, 69.0 MiB read from RAM
strata serve: suffix drafts: 6 windows, 26 of 28 drafts accepted
strata serve: prompt 30497 tokens = 30288 reused + 209 read in 2108 ms (99.1 tok/s), 110 generated in 2055 ms (53.5 tok/s), drafts accepted 69 of 87, 4 checkpoints
strata serve: decode expert cache hit rate: 88.9% (52749 hits / 59353 lookups); 2087 more read by the GPU over PCIe or from another GPU (3.4% of all 61440 routed)
strata serve: resident RAM: 41.23 GiB of experts in RAM, 42281 exchanged with the VRAM tier, 42997 blob reads from the file
strata serve: expert tiers: GPU 52749 hits this request; since the start RAM 1228885 blobs, files 42997 blobs 580446.7 MB read (the GGUF in place)
strata serve: file tier I/O this request: the OS read 71.4 MB from storage (182 major faults) for 1583.0 MB of expert reads
strata serve: KV streaming: 97.56% of 764092 block reads hit VRAM, 75.2 MiB read from RAM
strata serve: suffix drafts: 1 windows, 2 of 5 drafts accepted
strata serve: prompt 30489 tokens = 0 reused + 30489 read in 23593 ms (1292.3 tok/s), 162 generated in 2644 ms (61.3 tok/s), drafts accepted 123 of 133, 3 checkpoints
strata serve: decode expert cache hit rate: 86.2% (68531 hits / 79508 lookups); 4012 more read by the GPU over PCIe or from another GPU (4.8% of all 83520 routed)
strata serve: resident RAM: 41.23 GiB of experts in RAM, 43320 exchanged with the VRAM tier, 45458 blob reads from the file
strata serve: expert tiers: GPU 68531 hits this request; since the start RAM 1313521 blobs, files 45458 blobs 626824.1 MB read (the GGUF in place)
strata serve: file tier I/O this request: the OS read 615.2 MB from storage (1728 major faults) for 46377.4 MB of expert reads
strata serve: KV streaming: 95.89% of 365612 block reads hit VRAM, 60.6 MiB read from RAM
strata serve: suffix drafts: 14 windows, 66 of 70 drafts accepted
strata serve: prompt 32607 tokens = 0 reused + 32607 read in 23844 ms (1367.5 tok/s), 168 generated in 2875 ms (58.4 tok/s), drafts accepted 117 of 130, 3 checkpoints
strata serve: decode expert cache hit rate: 89.4% (76799 hits / 85880 lookups); 2920 more read by the GPU over PCIe or from another GPU (3.3% of all 88800 routed)
strata serve: resident RAM: 41.23 GiB of experts in RAM, 44568 exchanged with the VRAM tier, 47919 blob reads from the file
strata serve: expert tiers: GPU 76799 hits this request; since the start RAM 1396400 blobs, files 47919 blobs 673201.5 MB read (the GGUF in place)
strata serve: file tier I/O this request: the OS read 169.5 MB from storage (812 major faults) for 46377.4 MB of expert reads
strata serve: KV streaming: 95.59% of 388204 block reads hit VRAM, 69.0 MiB read from RAM
strata serve: suffix drafts: 3 windows, 14 of 15 drafts accepted
strata serve: prompt 32812 tokens = 32602 reused + 210 read in 1957 ms (107.3 tok/s), 99 generated in 1821 ms (54.4 tok/s), drafts accepted 63 of 77, 4 checkpoints
strata serve: decode expert cache hit rate: 89.9% (48127 hits / 53526 lookups); 1674 more read by the GPU over PCIe or from another GPU (3.0% of all 55200 routed)
strata serve: resident RAM: 41.23 GiB of experts in RAM, 45488 exchanged with the VRAM tier, 48194 blob reads from the file
strata serve: expert tiers: GPU 48127 hits this request; since the start RAM 1409107 blobs, files 48194 blobs 674835.3 MB read (the GGUF in place)
strata serve: file tier I/O this request: the OS read 28.0 MB from storage (111 major faults) for 1633.8 MB of expert reads
strata serve: KV streaming: 97.03% of 632624 block reads hit VRAM, 75.7 MiB read from RAM
strata serve: prompt 33121 tokens = 0 reused + 33121 read in 23765 ms (1393.7 tok/s), 276 generated in 5533 ms (49.9 tok/s), drafts accepted 191 of 231, 3 checkpoints
strata serve: decode expert cache hit rate: 82.4% (118117 hits / 143310 lookups); 8850 more read by the GPU over PCIe or from another GPU (5.8% of all 152160 routed)
strata serve: resident RAM: 41.23 GiB of experts in RAM, 47484 exchanged with the VRAM tier, 50655 blob reads from the file
strata serve: expert tiers: GPU 118117 hits this request; since the start RAM 1510478 blobs, files 50655 blobs 721212.6 MB read (the GGUF in place)
strata serve: file tier I/O this request: the OS read 387.4 MB from storage (1269 major faults) for 46377.4 MB of expert reads
strata serve: KV streaming: 97.27% of 659344 block reads hit VRAM, 72.6 MiB read from RAM
strata serve: suffix drafts: 29 windows, 100 of 104 drafts accepted
strata serve: prompt 35284 tokens = 0 reused + 35284 read in 24011 ms (1469.5 tok/s), 207 generated in 3641 ms (56.9 tok/s), drafts accepted 140 of 162, 3 checkpoints
strata serve: decode expert cache hit rate: 88.3% (93928 hits / 106421 lookups); 3979 more read by the GPU over PCIe or from another GPU (3.6% of all 110400 routed)
strata serve: resident RAM: 41.23 GiB of experts in RAM, 49103 exchanged with the VRAM tier, 53116 blob reads from the file
strata serve: expert tiers: GPU 93928 hits this request; since the start RAM 1597208 blobs, files 53116 blobs 767590.0 MB read (the GGUF in place)
strata serve: file tier I/O this request: the OS read 535.7 MB from storage (1943 major faults) for 46377.4 MB of expert reads
strata serve: KV streaming: 96.28% of 480632 block reads hit VRAM, 72.0 MiB read from RAM
strata serve: suffix drafts: 10 windows, 24 of 25 drafts accepted
strata serve: prompt 35502 tokens = 35279 reused + 223 read in 2099 ms (106.2 tok/s), 99 generated in 1794 ms (55.2 tok/s), drafts accepted 65 of 77, 4 checkpoints
strata serve: decode expert cache hit rate: 88.2% (45691 hits / 51792 lookups); 1968 more read by the GPU over PCIe or from another GPU (3.7% of all 53760 routed)
strata serve: resident RAM: 41.23 GiB of experts in RAM, 49967 exchanged with the VRAM tier, 53391 blob reads from the file
strata serve: expert tiers: GPU 45691 hits this request; since the start RAM 1610917 blobs, files 53391 blobs 769196.6 MB read (the GGUF in place)
strata serve: file tier I/O this request: the OS read 40.4 MB from storage (173 major faults) for 1606.7 MB of expert reads
strata serve: KV streaming: 97.32% of 718896 block reads hit VRAM, 77.6 MiB read from RAM
strata serve: suffix drafts: 3 windows, 7 of 9 drafts accepted
strata serve: prompt 35810 tokens = 0 reused + 35810 read in 24108 ms (1485.4 tok/s), 275 generated in 5581 ms (49.3 tok/s), drafts accepted 184 of 225, 3 checkpoints
strata serve: decode expert cache hit rate: 83.6% (120848 hits / 144485 lookups); 8155 more read by the GPU over PCIe or from another GPU (5.3% of all 152640 routed)
strata serve: resident RAM: 41.23 GiB of experts in RAM, 52175 exchanged with the VRAM tier, 55852 blob reads from the file
strata serve: expert tiers: GPU 120848 hits this request; since the start RAM 1710542 blobs, files 55852 blobs 815574.0 MB read (the GGUF in place)
strata serve: file tier I/O this request: the OS read 354.1 MB from storage (1323 major faults) for 46377.4 MB of expert reads
strata serve: KV streaming: 97.12% of 661404 block reads hit VRAM, 76.6 MiB read from RAM
strata serve: suffix drafts: 27 windows, 80 of 95 drafts accepted
strata serve: prompt 37972 tokens = 0 reused + 37972 read in 24488 ms (1550.7 tok/s), 215 generated in 4072 ms (52.8 tok/s), drafts accepted 143 of 191, 3 checkpoints
strata serve: decode expert cache hit rate: 88.5% (108571 hits / 122648 lookups); 4552 more read by the GPU over PCIe or from another GPU (3.6% of all 127200 routed)
strata serve: resident RAM: 41.23 GiB of experts in RAM, 53989 exchanged with the VRAM tier, 58313 blob reads from the file
strata serve: expert tiers: GPU 108571 hits this request; since the start RAM 1799181 blobs, files 58313 blobs 861951.4 MB read (the GGUF in place)
strata serve: file tier I/O this request: the OS read 492.3 MB from storage (1674 major faults) for 46377.4 MB of expert reads
strata serve: KV streaming: 96.53% of 552528 block reads hit VRAM, 77.1 MiB read from RAM
strata serve: suffix drafts: 9 windows, 27 of 29 drafts accepted
strata serve: prompt 38206 tokens = 37967 reused + 239 read in 2075 ms (115.2 tok/s), 69 generated in 1314 ms (52.5 tok/s), drafts accepted 46 of 55, 4 checkpoints
strata serve: decode expert cache hit rate: 86.5% (30956 hits / 35785 lookups); 1655 more read by the GPU over PCIe or from another GPU (4.4% of all 37440 routed)
strata serve: resident RAM: 41.23 GiB of experts in RAM, 54565 exchanged with the VRAM tier, 58588 blob reads from the file
strata serve: expert tiers: GPU 30956 hits this request; since the start RAM 1811588 blobs, files 58588 blobs 863547.8 MB read (the GGUF in place)
strata serve: file tier I/O this request: the OS read 30.1 MB from storage (94 major faults) for 1596.4 MB of expert reads
strata serve: KV streaming: 97.16% of 720956 block reads hit VRAM, 82.5 MiB read from RAM
strata serve: suffix drafts: 2 windows, 5 of 8 drafts accepted
strata serve: prompt 38571 tokens = 0 reused + 38571 read in 27607 ms (1397.2 tok/s), 251 generated in 3851 ms (65.2 tok/s), drafts accepted 192 of 201, 4 checkpoints
strata serve: decode expert cache hit rate: 86.7% (104650 hits / 120704 lookups); 5536 more read by the GPU over PCIe or from another GPU (4.4% of all 126240 routed)
strata serve: resident RAM: 41.23 GiB of experts in RAM, 56005 exchanged with the VRAM tier, 61049 blob reads from the file
strata serve: expert tiers: GPU 104650 hits this request; since the start RAM 1916246 blobs, files 61049 blobs 917654.7 MB read (the GGUF in place)
strata serve: file tier I/O this request: the OS read 355.5 MB from storage (1198 major faults) for 54106.9 MB of expert reads
strata serve: KV streaming: 96.78% of 548416 block reads hit VRAM, 71.2 MiB read from RAM
strata serve: suffix drafts: 27 windows, 119 of 125 drafts accepted
strata serve: prompt 40778 tokens = 0 reused + 40778 read in 27644 ms (1475.1 tok/s), 214 generated in 3633 ms (58.9 tok/s), drafts accepted 144 of 162, 4 checkpoints
strata serve: decode expert cache hit rate: 89.6% (97139 hits / 108398 lookups); 3442 more read by the GPU over PCIe or from another GPU (3.1% of all 111840 routed)
strata serve: resident RAM: 41.23 GiB of experts in RAM, 57711 exchanged with the VRAM tier, 63510 blob reads from the file
strata serve: expert tiers: GPU 97139 hits this request; since the start RAM 2015940 blobs, files 63510 blobs 971761.7 MB read (the GGUF in place)
strata serve: file tier I/O this request: the OS read 318.4 MB from storage (1114 major faults) for 54106.9 MB of expert reads
strata serve: KV streaming: 96.18% of 486804 block reads hit VRAM, 74.9 MiB read from RAM
strata serve: suffix drafts: 6 windows, 24 of 26 drafts accepted
strata serve: prompt 40996 tokens = 40773 reused + 223 read in 1933 ms (115.4 tok/s), 164 generated in 3265 ms (50.2 tok/s), drafts accepted 96 of 119, 5 checkpoints
strata serve: decode expert cache hit rate: 89.3% (78668 hits / 88067 lookups); 2653 more read by the GPU over PCIe or from another GPU (2.9% of all 90720 routed)
strata serve: resident RAM: 41.23 GiB of experts in RAM, 59296 exchanged with the VRAM tier, 63785 blob reads from the file
strata serve: expert tiers: GPU 78668 hits this request; since the start RAM 2033521 blobs, files 63785 blobs 973363.3 MB read (the GGUF in place)
strata serve: file tier I/O this request: the OS read 64.4 MB from storage (183 major faults) for 1601.6 MB of expert reads
strata serve: KV streaming: 97.55% of 883224 block reads hit VRAM, 87.2 MiB read from RAM
strata serve: suffix drafts: 5 windows, 9 of 11 drafts accepted
strata serve: prompt 41373 tokens = 0 reused + 41373 read in 27785 ms (1489.0 tok/s), 255 generated in 4868 ms (52.4 tok/s), drafts accepted 163 of 189, 4 checkpoints
strata serve: decode expert cache hit rate: 85.1% (109960 hits / 129245 lookups); 6115 more read by the GPU over PCIe or from another GPU (4.5% of all 135360 routed)
strata serve: resident RAM: 41.23 GiB of experts in RAM, 61465 exchanged with the VRAM tier, 66246 blob reads from the file
strata serve: expert tiers: GPU 109960 hits this request; since the start RAM 2141396 blobs, files 66246 blobs 1027470.2 MB read (the GGUF in place)
strata serve: file tier I/O this request: the OS read 514.6 MB from storage (1515 major faults) for 54106.9 MB of expert reads
strata serve: KV streaming: 96.75% of 587440 block reads hit VRAM, 77.0 MiB read from RAM
strata serve: suffix drafts: 16 windows, 64 of 71 drafts accepted
strata serve: prompt 43494 tokens = 0 reused + 43494 read in 27904 ms (1558.7 tok/s), 200 generated in 3225 ms (62.0 tok/s), drafts accepted 133 of 152, 4 checkpoints
strata serve: decode expert cache hit rate: 90.7% (93171 hits / 102768 lookups); 2832 more read by the GPU over PCIe or from another GPU (2.7% of all 105600 routed)
strata serve: resident RAM: 41.23 GiB of experts in RAM, 62933 exchanged with the VRAM tier, 68707 blob reads from the file
strata serve: expert tiers: GPU 93171 hits this request; since the start RAM 2238829 blobs, files 68707 blobs 1081577.2 MB read (the GGUF in place)
strata serve: file tier I/O this request: the OS read 356.9 MB from storage (1118 major faults) for 54106.9 MB of expert reads
strata serve: KV streaming: 95.87% of 460096 block reads hit VRAM, 76.6 MiB read from RAM
strata serve: suffix drafts: 5 windows, 11 of 15 drafts accepted
strata serve: prompt 43715 tokens = 43489 reused + 226 read in 1888 ms (119.7 tok/s), 136 generated in 2783 ms (48.9 tok/s), drafts accepted 76 of 99, 5 checkpoints
strata serve: decode expert cache hit rate: 89.4% (66154 hits / 73980 lookups); 2340 more read by the GPU over PCIe or from another GPU (3.1% of all 76320 routed)
strata serve: resident RAM: 41.23 GiB of experts in RAM, 64252 exchanged with the VRAM tier, 68982 blob reads from the file
strata serve: expert tiers: GPU 66154 hits this request; since the start RAM 2254800 blobs, files 68982 blobs 1083195.5 MB read (the GGUF in place)
strata serve: file tier I/O this request: the OS read 19.8 MB from storage (57 major faults) for 1618.3 MB of expert reads
strata serve: KV streaming: 97.29% of 794888 block reads hit VRAM, 86.6 MiB read from RAM
strata serve: suffix drafts: 1 windows, 0 of 1 drafts accepted
strata serve: prompt 44101 tokens = 0 reused + 44101 read in 28205 ms (1563.6 tok/s), 273 generated in 5150 ms (53.0 tok/s), drafts accepted 194 of 214, 4 checkpoints
strata serve: decode expert cache hit rate: 81.5% (108037 hits / 132590 lookups); 8530 more read by the GPU over PCIe or from another GPU (6.0% of all 141120 routed)
strata serve: resident RAM: 41.23 GiB of experts in RAM, 66131 exchanged with the VRAM tier, 71443 blob reads from the file
strata serve: expert tiers: GPU 108037 hits this request; since the start RAM 2368554 blobs, files 71443 blobs 1137302.4 MB read (the GGUF in place)
strata serve: file tier I/O this request: the OS read 375.3 MB from storage (1079 major faults) for 54106.9 MB of expert reads
strata serve: KV streaming: 96.58% of 612112 block reads hit VRAM, 84.3 MiB read from RAM
strata serve: suffix drafts: 17 windows, 81 of 83 drafts accepted
strata serve: prompt 46265 tokens = 0 reused + 46265 read in 28321 ms (1633.6 tok/s), 198 generated in 3452 ms (57.4 tok/s), drafts accepted 134 of 153, 4 checkpoints
strata serve: decode expert cache hit rate: 88.3% (89462 hits / 101356 lookups); 3764 more read by the GPU over PCIe or from another GPU (3.6% of all 105120 routed)
strata serve: resident RAM: 41.23 GiB of experts in RAM, 67618 exchanged with the VRAM tier, 73904 blob reads from the file
strata serve: expert tiers: GPU 89462 hits this request; since the start RAM 2468595 blobs, files 73904 blobs 1191409.4 MB read (the GGUF in place)
strata serve: file tier I/O this request: the OS read 288.8 MB from storage (984 major faults) for 54106.9 MB of expert reads
strata serve: KV streaming: 95.57% of 458048 block reads hit VRAM, 81.7 MiB read from RAM
strata serve: suffix drafts: 6 windows, 24 of 24 drafts accepted
strata serve: prompt 46472 tokens = 46260 reused + 212 read in 1991 ms (106.5 tok/s), 97 generated in 1940 ms (50.0 tok/s), drafts accepted 59 of 82, 5 checkpoints
strata serve: decode expert cache hit rate: 89.3% (49809 hits / 55760 lookups); 1840 more read by the GPU over PCIe or from another GPU (3.2% of all 57600 routed)
strata serve: resident RAM: 41.23 GiB of experts in RAM, 68578 exchanged with the VRAM tier, 74179 blob reads from the file
strata serve: expert tiers: GPU 49809 hits this request; since the start RAM 2482037 blobs, files 74179 blobs 1193015.0 MB read (the GGUF in place)
strata serve: file tier I/O this request: the OS read 28.7 MB from storage (87 major faults) for 1605.6 MB of expert reads
strata serve: KV streaming: 96.83% of 712740 block reads hit VRAM, 90.9 MiB read from RAM
strata serve: prompt 46804 tokens = 0 reused + 46804 read in 31206 ms (1499.8 tok/s), 184 generated in 3413 ms (53.9 tok/s), drafts accepted 129 of 144, 4 checkpoints
strata serve: decode expert cache hit rate: 85.2% (77801 hits / 91348 lookups); 4652 more read by the GPU over PCIe or from another GPU (4.8% of all 96000 routed)
strata serve: resident RAM: 41.23 GiB of experts in RAM, 69922 exchanged with the VRAM tier, 76640 blob reads from the file
strata serve: expert tiers: GPU 77801 hits this request; since the start RAM 2597969 blobs, files 76640 blobs 1254851.5 MB read (the GGUF in place)
strata serve: file tier I/O this request: the OS read 247.8 MB from storage (792 major faults) for 61836.5 MB of expert reads
strata serve: KV streaming: 95.62% of 419008 block reads hit VRAM, 74.0 MiB read from RAM
strata serve: suffix drafts: 14 windows, 49 of 54 drafts accepted
strata serve: prompt 48919 tokens = 0 reused + 48919 read in 31535 ms (1551.3 tok/s), 214 generated in 3944 ms (54.3 tok/s), drafts accepted 146 of 170, 4 checkpoints
strata serve: decode expert cache hit rate: 86.3% (95123 hits / 110280 lookups); 4920 more read by the GPU over PCIe or from another GPU (4.3% of all 115200 routed)
strata serve: resident RAM: 41.23 GiB of experts in RAM, 71554 exchanged with the VRAM tier, 79101 blob reads from the file
strata serve: expert tiers: GPU 95123 hits this request; since the start RAM 2715528 blobs, files 79101 blobs 1316688.0 MB read (the GGUF in place)
strata serve: file tier I/O this request: the OS read 160.6 MB from storage (656 major faults) for 61836.5 MB of expert reads
strata serve: KV streaming: 95.82% of 501172 block reads hit VRAM, 84.3 MiB read from RAM
strata serve: suffix drafts: 9 windows, 35 of 37 drafts accepted
strata serve: prompt 49134 tokens = 48914 reused + 220 read in 1981 ms (111.1 tok/s), 126 generated in 2319 ms (54.3 tok/s), drafts accepted 84 of 92, 5 checkpoints
strata serve: decode expert cache hit rate: 88.7% (56381 hits / 63565 lookups); 2195 more read by the GPU over PCIe or from another GPU (3.3% of all 65760 routed)
strata serve: resident RAM: 41.23 GiB of experts in RAM, 72610 exchanged with the VRAM tier, 79376 blob reads from the file
strata serve: expert tiers: GPU 56381 hits this request; since the start RAM 2730602 blobs, files 79376 blobs 1318301.7 MB read (the GGUF in place)
strata serve: file tier I/O this request: the OS read 28.4 MB from storage (61 major faults) for 1613.7 MB of expert reads
strata serve: KV streaming: 97.07% of 790784 block reads hit VRAM, 93.3 MiB read from RAM
strata serve: suffix drafts: 2 windows, 6 of 8 drafts accepted
strata serve: prompt 49546 tokens = 0 reused + 49546 read in 31477 ms (1574.0 tok/s), 135 generated in 2251 ms (60.0 tok/s), drafts accepted 102 of 114, 4 checkpoints
strata serve: decode expert cache hit rate: 85.0% (57468 hits / 67580 lookups); 3460 more read by the GPU over PCIe or from another GPU (4.9% of all 71040 routed)
strata serve: resident RAM: 41.23 GiB of experts in RAM, 73474 exchanged with the VRAM tier, 81837 blob reads from the file
strata serve: expert tiers: GPU 57468 hits this request; since the start RAM 2841613 blobs, files 81837 blobs 1380138.2 MB read (the GGUF in place)
strata serve: file tier I/O this request: the OS read 283.5 MB from storage (868 major faults) for 61836.5 MB of expert reads
strata serve: KV streaming: 94.64% of 312208 block reads hit VRAM, 67.4 MiB read from RAM
strata serve: suffix drafts: 10 windows, 41 of 47 drafts accepted
strata serve: prompt 51638 tokens = 0 reused + 51638 read in 31773 ms (1625.2 tok/s), 137 generated in 2159 ms (63.5 tok/s), drafts accepted 104 of 111, 4 checkpoints
strata serve: decode expert cache hit rate: 89.8% (61748 hits / 68791 lookups); 2249 more read by the GPU over PCIe or from another GPU (3.2% of all 71040 routed)
strata serve: resident RAM: 41.23 GiB of experts in RAM, 74338 exchanged with the VRAM tier, 84298 blob reads from the file
strata serve: expert tiers: GPU 61748 hits this request; since the start RAM 2949739 blobs, files 84298 blobs 1441974.7 MB read (the GGUF in place)
strata serve: file tier I/O this request: the OS read 83.9 MB from storage (305 major faults) for 61836.5 MB of expert reads
strata serve: KV streaming: 93.87% of 312208 block reads hit VRAM, 77.2 MiB read from RAM
strata serve: suffix drafts: 4 windows, 20 of 20 drafts accepted
strata serve: prompt 51821 tokens = 51633 reused + 188 read in 1796 ms (104.7 tok/s), 122 generated in 2448 ms (49.8 tok/s), drafts accepted 75 of 86, 5 checkpoints
strata serve: decode expert cache hit rate: 87.2% (54342 hits / 62330 lookups); 2470 more read by the GPU over PCIe or from another GPU (3.8% of all 64800 routed)
strata serve: resident RAM: 41.23 GiB of experts in RAM, 75490 exchanged with the VRAM tier, 84573 blob reads from the file
strata serve: expert tiers: GPU 54342 hits this request; since the start RAM 2965129 blobs, files 84573 blobs 1443588.0 MB read (the GGUF in place)
strata serve: file tier I/O this request: the OS read 13.5 MB from storage (74 major faults) for 1613.3 MB of expert reads
strata serve: KV streaming: 96.09% of 597720 block reads hit VRAM, 94.1 MiB read from RAM
strata serve: suffix drafts: 2 windows, 6 of 7 drafts accepted
strata serve: prompt 52195 tokens = 0 reused + 52195 read in 31832 ms (1639.7 tok/s), 152 generated in 2398 ms (63.4 tok/s), drafts accepted 114 of 120, 4 checkpoints
strata serve: decode expert cache hit rate: 86.9% (63419 hits / 72970 lookups); 3350 more read by the GPU over PCIe or from another GPU (4.4% of all 76320 routed)
strata serve: resident RAM: 41.23 GiB of experts in RAM, 76450 exchanged with the VRAM tier, 87034 blob reads from the file
strata serve: expert tiers: GPU 63419 hits this request; since the start RAM 3076192 blobs, files 87034 blobs 1505424.5 MB read (the GGUF in place)
strata serve: file tier I/O this request: the OS read 215.9 MB from storage (639 major faults) for 61836.5 MB of expert reads
strata serve: KV streaming: 94.69% of 334800 block reads hit VRAM, 71.6 MiB read from RAM
strata serve: suffix drafts: 10 windows, 48 of 48 drafts accepted
strata serve: prompt 54295 tokens = 0 reused + 54295 read in 32039 ms (1694.7 tok/s), 182 generated in 3554 ms (51.2 tok/s), drafts accepted 114 of 126, 4 checkpoints
strata serve: decode expert cache hit rate: 87.1% (79485 hits / 91290 lookups); 3750 more read by the GPU over PCIe or from another GPU (3.9% of all 95040 routed)
strata serve: resident RAM: 41.23 GiB of experts in RAM, 78075 exchanged with the VRAM tier, 89495 blob reads from the file
strata serve: expert tiers: GPU 79485 hits this request; since the start RAM 3190581 blobs, files 89495 blobs 1567261.0 MB read (the GGUF in place)
strata serve: file tier I/O this request: the OS read 91.0 MB from storage (302 major faults) for 61836.5 MB of expert reads
strata serve: KV streaming: 94.59% of 414900 block reads hit VRAM, 90.4 MiB read from RAM
strata serve: suffix drafts: 6 windows, 15 of 26 drafts accepted
strata serve: prompt 54494 tokens = 54290 reused + 204 read in 2145 ms (95.1 tok/s), 107 generated in 1866 ms (57.3 tok/s), drafts accepted 75 of 84, 5 checkpoints
strata serve: decode expert cache hit rate: 87.2% (47082 hits / 53993 lookups); 2167 more read by the GPU over PCIe or from another GPU (3.9% of all 56160 routed)
strata serve: resident RAM: 41.23 GiB of experts in RAM, 78843 exchanged with the VRAM tier, 89770 blob reads from the file
strata serve: expert tiers: GPU 47082 hits this request; since the start RAM 3205011 blobs, files 89770 blobs 1568864.1 MB read (the GGUF in place)
strata serve: file tier I/O this request: the OS read 32.5 MB from storage (111 major faults) for 1603.1 MB of expert reads
strata serve: KV streaming: 96.16% of 663436 block reads hit VRAM, 102.7 MiB read from RAM
strata serve: prompt 54623 tokens = 0 reused + 54623 read in 35180 ms (1552.7 tok/s), 125 generated in 1996 ms (62.6 tok/s), drafts accepted 95 of 100, 5 checkpoints
strata serve: decode expert cache hit rate: 86.0% (51486 hits / 59842 lookups); 3038 more read by the GPU over PCIe or from another GPU (4.8% of all 62880 routed)
strata serve: resident RAM: 41.23 GiB of experts in RAM, 79611 exchanged with the VRAM tier, 92231 blob reads from the file
strata serve: expert tiers: GPU 51486 hits this request; since the start RAM 3328806 blobs, files 92231 blobs 1638430.1 MB read (the GGUF in place)
strata serve: file tier I/O this request: the OS read 287.5 MB from storage (989 major faults) for 69566.1 MB of expert reads
strata serve: KV streaming: 93.51% of 277292 block reads hit VRAM, 72.5 MiB read from RAM
strata serve: suffix drafts: 9 windows, 42 of 43 drafts accepted
strata serve: prompt 56712 tokens = 0 reused + 56712 read in 35340 ms (1604.8 tok/s), 163 generated in 2905 ms (56.1 tok/s), drafts accepted 111 of 141, 5 checkpoints
strata serve: decode expert cache hit rate: 90.5% (82683 hits / 91355 lookups); 2725 more read by the GPU over PCIe or from another GPU (2.9% of all 94080 routed)
strata serve: resident RAM: 41.23 GiB of experts in RAM, 80952 exchanged with the VRAM tier, 94692 blob reads from the file
strata serve: expert tiers: GPU 82683 hits this request; since the start RAM 3453593 blobs, files 94692 blobs 1707996.2 MB read (the GGUF in place)
strata serve: file tier I/O this request: the OS read 81.9 MB from storage (306 major faults) for 69566.1 MB of expert reads
strata serve: KV streaming: 95.10% of 410800 block reads hit VRAM, 81.1 MiB read from RAM
strata serve: suffix drafts: 8 windows, 24 of 28 drafts accepted
strata serve: prompt 56896 tokens = 56707 reused + 189 read in 1818 ms (104.0 tok/s), 120 generated in 2417 ms (49.6 tok/s), drafts accepted 71 of 87, 6 checkpoints
strata serve: decode expert cache hit rate: 88.0% (55355 hits / 62910 lookups); 2370 more read by the GPU over PCIe or from another GPU (3.6% of all 65280 routed)
strata serve: resident RAM: 41.23 GiB of experts in RAM, 82104 exchanged with the VRAM tier, 94967 blob reads from the file
strata serve: expert tiers: GPU 55355 hits this request; since the start RAM 3468868 blobs, files 94967 blobs 1709621.8 MB read (the GGUF in place)
strata serve: file tier I/O this request: the OS read 14.3 MB from storage (60 major faults) for 1625.6 MB of expert reads
strata serve: KV streaming: 96.62% of 698360 block reads hit VRAM, 95.1 MiB read from RAM
strata serve: suffix drafts: 3 windows, 3 of 9 drafts accepted
strata serve: prompt 57430 tokens = 0 reused + 57430 read in 35493 ms (1618.1 tok/s), 276 generated in 4409 ms (62.6 tok/s), drafts accepted 208 of 216, 5 checkpoints
strata serve: decode expert cache hit rate: 84.9% (110004 hits / 129525 lookups); 6795 more read by the GPU over PCIe or from another GPU (5.0% of all 136320 routed)
strata serve: resident RAM: 41.23 GiB of experts in RAM, 83701 exchanged with the VRAM tier, 97428 blob reads from the file
strata serve: expert tiers: GPU 110004 hits this request; since the start RAM 3605506 blobs, files 97428 blobs 1779187.8 MB read (the GGUF in place)
strata serve: file tier I/O this request: the OS read 260.0 MB from storage (858 major faults) for 69566.1 MB of expert reads
strata serve: KV streaming: 96.29% of 591552 block reads hit VRAM, 88.4 MiB read from RAM
strata serve: suffix drafts: 25 windows, 118 of 121 drafts accepted
strata serve: prompt 59654 tokens = 0 reused + 59654 read in 35569 ms (1677.1 tok/s), 215 generated in 3852 ms (55.8 tok/s), drafts accepted 152 of 172, 5 checkpoints
strata serve: decode expert cache hit rate: 86.6% (95144 hits / 109859 lookups); 4861 more read by the GPU over PCIe or from another GPU (4.2% of all 114720 routed)
strata serve: resident RAM: 41.23 GiB of experts in RAM, 85333 exchanged with the VRAM tier, 99889 blob reads from the file
strata serve: expert tiers: GPU 95144 hits this request; since the start RAM 3737171 blobs, files 99889 blobs 1848753.9 MB read (the GGUF in place)
strata serve: file tier I/O this request: the OS read 217.5 MB from storage (869 major faults) for 69566.1 MB of expert reads
strata serve: KV streaming: 95.12% of 499132 block reads hit VRAM, 98.2 MiB read from RAM
strata serve: suffix drafts: 4 windows, 20 of 20 drafts accepted
strata serve: prompt 59879 tokens = 59649 reused + 230 read in 2069 ms (111.2 tok/s), 87 generated in 1615 ms (53.9 tok/s), drafts accepted 58 of 71, 6 checkpoints
strata serve: decode expert cache hit rate: 89.1% (42185 hits / 47350 lookups); 1610 more read by the GPU over PCIe or from another GPU (3.3% of all 48960 routed)
strata serve: resident RAM: 41.23 GiB of experts in RAM, 86101 exchanged with the VRAM tier, 100164 blob reads from the file
strata serve: expert tiers: GPU 42185 hits this request; since the start RAM 3749910 blobs, files 100164 blobs 1850364.1 MB read (the GGUF in place)
strata serve: file tier I/O this request: the OS read 31.0 MB from storage (51 major faults) for 1610.2 MB of expert reads
strata serve: KV streaming: 96.31% of 716848 block reads hit VRAM, 106.4 MiB read from RAM
strata serve: prompt 60379 tokens = 0 reused + 60379 read in 35969 ms (1678.6 tok/s), 205 generated in 3189 ms (64.3 tok/s), drafts accepted 157 of 160, 5 checkpoints
strata serve: decode expert cache hit rate: 87.4% (84408 hits / 96615 lookups); 4185 more read by the GPU over PCIe or from another GPU (4.2% of all 100800 routed)
strata serve: resident RAM: 41.23 GiB of experts in RAM, 87253 exchanged with the VRAM tier, 102625 blob reads from the file
strata serve: expert tiers: GPU 84408 hits this request; since the start RAM 3878443 blobs, files 102625 blobs 1919930.2 MB read (the GGUF in place)
strata serve: file tier I/O this request: the OS read 245.6 MB from storage (821 major faults) for 69566.1 MB of expert reads
strata serve: KV streaming: 95.53% of 439556 block reads hit VRAM, 79.2 MiB read from RAM
strata serve: suffix drafts: 11 windows, 53 of 53 drafts accepted
strata serve: prompt 62545 tokens = 0 reused + 62545 read in 36105 ms (1732.3 tok/s), 196 generated in 3834 ms (51.1 tok/s), drafts accepted 122 of 153, 5 checkpoints
strata serve: decode expert cache hit rate: 89.1% (94704 hits / 106319 lookups); 3601 more read by the GPU over PCIe or from another GPU (3.3% of all 109920 routed)
strata serve: resident RAM: 41.23 GiB of experts in RAM, 89035 exchanged with the VRAM tier, 105086 blob reads from the file
strata serve: expert tiers: GPU 94704 hits this request; since the start RAM 4007196 blobs, files 105086 blobs 1989496.2 MB read (the GGUF in place)
strata serve: file tier I/O this request: the OS read 150.2 MB from storage (618 major faults) for 69566.1 MB of expert reads
strata serve: KV streaming: 95.47% of 478580 block reads hit VRAM, 87.3 MiB read from RAM
strata serve: suffix drafts: 8 windows, 30 of 32 drafts accepted
strata serve: prompt 62778 tokens = 62540 reused + 238 read in 2020 ms (117.8 tok/s), 230 generated in 3723 ms (61.8 tok/s), drafts accepted 157 of 187, 6 checkpoints
strata serve: decode expert cache hit rate: 91.1% (112000 hits / 122892 lookups); 3348 more read by the GPU over PCIe or from another GPU (2.7% of all 126240 routed)
strata serve: resident RAM: 41.23 GiB of experts in RAM, 90630 exchanged with the VRAM tier, 105361 blob reads from the file
strata serve: expert tiers: GPU 112000 hits this request; since the start RAM 4027096 blobs, files 105361 blobs 1991146.8 MB read (the GGUF in place)
strata serve: file tier I/O this request: the OS read 24.8 MB from storage (68 major faults) for 1650.6 MB of expert reads
strata serve: KV streaming: 97.51% of 1026996 block reads hit VRAM, 103.1 MiB read from RAM
strata serve: suffix drafts: 18 windows, 81 of 84 drafts accepted
strata serve: prompt 62970 tokens = 62773 reused + 197 read in 1827 ms (107.8 tok/s), 170 generated in 3042 ms (55.9 tok/s), drafts accepted 105 of 130, 6 checkpoints
strata serve: decode expert cache hit rate: 90.6% (83497 hits / 92133 lookups); 2427 more read by the GPU over PCIe or from another GPU (2.6% of all 94560 routed)
strata serve: resident RAM: 41.23 GiB of experts in RAM, 92127 exchanged with the VRAM tier, 105636 blob reads from the file
strata serve: expert tiers: GPU 83497 hits this request; since the start RAM 4043304 blobs, files 105636 blobs 1992771.0 MB read (the GGUF in place)
strata serve: file tier I/O this request: the OS read 27.2 MB from storage (54 major faults) for 1624.2 MB of expert reads
strata serve: KV streaming: 98.05% of 1439844 block reads hit VRAM, 113.2 MiB read from RAM
strata serve: suffix drafts: 2 windows, 6 of 8 drafts accepted
strata serve: prompt 63539 tokens = 0 reused + 63539 read in 39033 ms (1627.8 tok/s), 285 generated in 4996 ms (57.1 tok/s), drafts accepted 208 of 228, 5 checkpoints
strata serve: decode expert cache hit rate: 85.0% (119498 hits / 140565 lookups); 7275 more read by the GPU over PCIe or from another GPU (4.9% of all 147840 routed)
strata serve: resident RAM: 41.23 GiB of experts in RAM, 94025 exchanged with the VRAM tier, 108097 blob reads from the file
strata serve: expert tiers: GPU 119498 hits this request; since the start RAM 4196559 blobs, files 108097 blobs 2070066.6 MB read (the GGUF in place)
strata serve: file tier I/O this request: the OS read 442.8 MB from storage (1157 major faults) for 77295.6 MB of expert reads
strata serve: KV streaming: 96.30% of 640848 block reads hit VRAM, 95.4 MiB read from RAM
strata serve: suffix drafts: 22 windows, 88 of 93 drafts accepted
strata serve: prompt 65767 tokens = 0 reused + 8192 of 65767 read in 6534 ms (1253.8 tok/s), 0 generated in 0 ms (0.0 tok/s), drafts accepted 0 of 0, 0 checkpoints (cancelled)
strata serve: resident RAM: 41.23 GiB of experts in RAM, 94025 exchanged with the VRAM tier, 110558 blob reads from the file
strata serve: expert tiers: GPU 0 hits this request; since the start RAM 4210705 blobs, files 110558 blobs 2085525.7 MB read (the GGUF in place)
strata serve: file tier I/O this request: the OS read 174.6 MB from storage (774 major faults) for 15459.1 MB of expert reads
strata serve: KV streaming: 100.00% of 0 block reads hit VRAM, 0.0 MiB read from RAM
strata serve: prompt 13059 tokens = 0 reused + 13059 read in 13550 ms (963.8 tok/s), 378 generated in 6547 ms (57.7 tok/s), drafts accepted 228 of 277, 2 checkpoints
strata serve: decode expert cache hit rate: 90.7% (182307 hits / 200934 lookups); 4986 more read by the GPU over PCIe or from another GPU (2.4% of all 205920 routed)
strata serve: resident RAM: 41.23 GiB of experts in RAM, 97345 exchanged with the VRAM tier, 113019 blob reads from the file
strata serve: expert tiers: GPU 182307 hits this request; since the start RAM 4271189 blobs, files 113019 blobs 2115181.6 MB read (the GGUF in place)
strata serve: file tier I/O this request: the OS read 34.6 MB from storage (0 major faults) for 29655.9 MB of expert reads
strata serve: KV streaming: 98.77% of 889384 block reads hit VRAM, 44.2 MiB read from RAM
strata serve: prompt 15302 tokens = 0 reused + 15302 read in 15131 ms (1011.3 tok/s), 211 generated in 3201 ms (65.9 tok/s), drafts accepted 147 of 162, 2 checkpoints
strata serve: decode expert cache hit rate: 91.0% (97149 hits / 106779 lookups); 2661 more read by the GPU over PCIe or from another GPU (2.4% of all 109440 routed)
strata serve: resident RAM: 41.23 GiB of experts in RAM, 98839 exchanged with the VRAM tier, 115480 blob reads from the file
strata serve: expert tiers: GPU 97149 hits this request; since the start RAM 4325849 blobs, files 115480 blobs 2146099.8 MB read (the GGUF in place)
strata serve: file tier I/O this request: the OS read 490.6 MB from storage (1621 major faults) for 30918.2 MB of expert reads
strata serve: KV streaming: 97.82% of 476532 block reads hit VRAM, 41.8 MiB read from RAM
strata serve: suffix drafts: 1 windows, 1 of 3 drafts accepted
strata serve: prompt 15573 tokens = 15297 reused + 276 read in 1866 ms (147.9 tok/s), 224 generated in 3546 ms (63.2 tok/s), drafts accepted 162 of 176, 3 checkpoints
strata serve: decode expert cache hit rate: 88.4% (97469 hits / 110317 lookups); 4403 more read by the GPU over PCIe or from another GPU (3.8% of all 114720 routed)
strata serve: resident RAM: 41.23 GiB of experts in RAM, 100375 exchanged with the VRAM tier, 115801 blob reads from the file
strata serve: expert tiers: GPU 97469 hits this request; since the start RAM 4347625 blobs, files 115801 blobs 2148012.7 MB read (the GGUF in place)
strata serve: file tier I/O this request: the OS read 39.2 MB from storage (55 major faults) for 1912.9 MB of expert reads
strata serve: KV streaming: 98.82% of 975648 block reads hit VRAM, 46.6 MiB read from RAM
strata serve: suffix drafts: 23 windows, 89 of 93 drafts accepted
strata serve: prompt 15826 tokens = 15568 reused + 258 read in 1895 ms (136.1 tok/s), 104 generated in 2018 ms (51.5 tok/s), drafts accepted 66 of 85, 4 checkpoints
strata serve: decode expert cache hit rate: 88.1% (51077 hits / 58004 lookups); 1996 more read by the GPU over PCIe or from another GPU (3.3% of all 60000 routed)
strata serve: resident RAM: 41.23 GiB of experts in RAM, 101335 exchanged with the VRAM tier, 116076 blob reads from the file
strata serve: expert tiers: GPU 51077 hits this request; since the start RAM 4361125 blobs, files 116076 blobs 2149668.6 MB read (the GGUF in place)
strata serve: file tier I/O this request: the OS read 19.4 MB from storage (62 major faults) for 1655.8 MB of expert reads
strata serve: KV streaming: 99.02% of 1240612 block reads hit VRAM, 48.8 MiB read from RAM
strata serve: suffix drafts: 1 windows, 1 of 3 drafts accepted
strata serve: prompt 15196 tokens = 0 reused + 15196 read in 15013 ms (1012.2 tok/s), 417 generated in 7340 ms (56.8 tok/s), drafts accepted 248 of 312, 2 checkpoints
strata serve: decode expert cache hit rate: 90.7% (205486 hits / 226481 lookups); 5839 more read by the GPU over PCIe or from another GPU (2.5% of all 232320 routed)
strata serve: resident RAM: 41.23 GiB of experts in RAM, 104821 exchanged with the VRAM tier, 118537 blob reads from the file
strata serve: expert tiers: GPU 205486 hits this request; since the start RAM 4430306 blobs, files 118537 blobs 2180586.8 MB read (the GGUF in place)
strata serve: file tier I/O this request: the OS read 362.3 MB from storage (937 major faults) for 30918.2 MB of expert reads
strata serve: KV streaming: 98.78% of 1002348 block reads hit VRAM, 49.2 MiB read from RAM
strata serve: suffix drafts: 3 windows, 4 of 12 drafts accepted
strata serve: prompt 17477 tokens = 0 reused + 17477 read in 15413 ms (1133.9 tok/s), 600 generated in 9414 ms (63.7 tok/s), drafts accepted 362 of 428, 2 checkpoints
strata serve: decode expert cache hit rate: 92.7% (290759 hits / 313668 lookups); 6012 more read by the GPU over PCIe or from another GPU (1.9% of all 319680 routed)
strata serve: resident RAM: 41.23 GiB of experts in RAM, 109160 exchanged with the VRAM tier, 120998 blob reads from the file
strata serve: expert tiers: GPU 290759 hits this request; since the start RAM 4502824 blobs, files 120998 blobs 2211505.0 MB read (the GGUF in place)
strata serve: file tier I/O this request: the OS read 460.2 MB from storage (1734 major faults) for 30918.2 MB of expert reads
strata serve: KV streaming: 99.03% of 1376180 block reads hit VRAM, 53.6 MiB read from RAM
strata serve: suffix drafts: 6 windows, 12 of 24 drafts accepted
strata serve: prompt 17852 tokens = 17472 reused + 380 read in 2124 ms (178.9 tok/s), 135 generated in 2304 ms (58.6 tok/s), drafts accepted 97 of 106, 3 checkpoints
strata serve: decode expert cache hit rate: 87.1% (58859 hits / 67592 lookups); 2968 more read by the GPU over PCIe or from another GPU (4.2% of all 70560 routed)
strata serve: resident RAM: 41.23 GiB of experts in RAM, 110120 exchanged with the VRAM tier, 121319 blob reads from the file
strata serve: expert tiers: GPU 58859 hits this request; since the start RAM 4519192 blobs, files 121319 blobs 2213422.0 MB read (the GGUF in place)
strata serve: file tier I/O this request: the OS read 79.4 MB from storage (193 major faults) for 1916.9 MB of expert reads
strata serve: KV streaming: 99.18% of 1686336 block reads hit VRAM, 55.4 MiB read from RAM
strata serve: suffix drafts: 3 windows, 11 of 15 drafts accepted
strata serve: prompt 18039 tokens = 17847 reused + 192 read in 1833 ms (104.7 tok/s), 287 generated in 4144 ms (69.3 tok/s), drafts accepted 211 of 224, 4 checkpoints
strata serve: decode expert cache hit rate: 90.4% (127194 hits / 140639 lookups); 4321 more read by the GPU over PCIe or from another GPU (3.0% of all 144960 routed)
strata serve: resident RAM: 41.23 GiB of experts in RAM, 111854 exchanged with the VRAM tier, 121594 blob reads from the file
strata serve: expert tiers: GPU 127194 hits this request; since the start RAM 4541928 blobs, files 121594 blobs 2214971.9 MB read (the GGUF in place)
strata serve: file tier I/O this request: the OS read 15.9 MB from storage (88 major faults) for 1549.9 MB of expert reads
strata serve: KV streaming: 99.39% of 2314860 block reads hit VRAM, 57.2 MiB read from RAM
strata serve: suffix drafts: 27 windows, 127 of 135 drafts accepted
strata serve: prompt 18371 tokens = 18034 reused + 337 read in 2196 ms (153.4 tok/s), 165 generated in 3402 ms (48.5 tok/s), drafts accepted 88 of 140, 5 checkpoints
strata serve: decode expert cache hit rate: 91.3% (93691 hits / 102669 lookups); 2451 more read by the GPU over PCIe or from another GPU (2.3% of all 105120 routed)
strata serve: resident RAM: 41.23 GiB of experts in RAM, 113583 exchanged with the VRAM tier, 121915 blob reads from the file
strata serve: expert tiers: GPU 93691 hits this request; since the start RAM 4559971 blobs, files 121915 blobs 2216904.2 MB read (the GGUF in place)
strata serve: file tier I/O this request: the OS read 19.7 MB from storage (38 major faults) for 1932.3 MB of expert reads
strata serve: KV streaming: 99.47% of 2772896 block reads hit VRAM, 59.0 MiB read from RAM
strata serve: suffix drafts: 1 windows, 2 of 2 drafts accepted
strata serve: prompt 18162 tokens = 0 reused + 18162 read in 15646 ms (1160.8 tok/s), 483 generated in 7663 ms (63.0 tok/s), drafts accepted 313 of 401, 2 checkpoints
strata serve: decode expert cache hit rate: 91.4% (244739 hits / 267706 lookups); 6374 more read by the GPU over PCIe or from another GPU (2.3% of all 274080 routed)
strata serve: resident RAM: 41.23 GiB of experts in RAM, 117131 exchanged with the VRAM tier, 124376 blob reads from the file
strata serve: expert tiers: GPU 244739 hits this request; since the start RAM 4630547 blobs, files 124376 blobs 2247822.4 MB read (the GGUF in place)
strata serve: file tier I/O this request: the OS read 572.5 MB from storage (1657 major faults) for 30918.2 MB of expert reads
strata serve: KV streaming: 98.83% of 1181060 block reads hit VRAM, 55.5 MiB read from RAM
strata serve: suffix drafts: 12 windows, 41 of 51 drafts accepted
strata serve: prompt 20561 tokens = 0 reused + 20561 read in 16033 ms (1282.4 tok/s), 258 generated in 4245 ms (60.8 tok/s), drafts accepted 172 of 189, 2 checkpoints
strata serve: decode expert cache hit rate: 89.9% (116292 hits / 129329 lookups); 4111 more read by the GPU over PCIe or from another GPU (3.1% of all 133440 routed)
strata serve: resident RAM: 41.23 GiB of experts in RAM, 119051 exchanged with the VRAM tier, 126837 blob reads from the file
strata serve: expert tiers: GPU 116292 hits this request; since the start RAM 4690583 blobs, files 126837 blobs 2278740.7 MB read (the GGUF in place)
strata serve: file tier I/O this request: the OS read 442.6 MB from storage (1745 major faults) for 30918.2 MB of expert reads
strata serve: KV streaming: 97.83% of 579232 block reads hit VRAM, 50.7 MiB read from RAM
strata serve: suffix drafts: 13 windows, 53 of 58 drafts accepted
strata serve: prompt 20838 tokens = 20556 reused + 282 read in 2026 ms (139.2 tok/s), 238 generated in 3419 ms (69.6 tok/s), drafts accepted 176 of 181, 3 checkpoints
strata serve: decode expert cache hit rate: 90.3% (103544 hits / 114668 lookups); 3892 more read by the GPU over PCIe or from another GPU (3.3% of all 118560 routed)
strata serve: resident RAM: 41.23 GiB of experts in RAM, 120352 exchanged with the VRAM tier, 127158 blob reads from the file
strata serve: expert tiers: GPU 103544 hits this request; since the start RAM 4711434 blobs, files 127158 blobs 2280642.7 MB read (the GGUF in place)
strata serve: file tier I/O this request: the OS read 30.0 MB from storage (107 major faults) for 1902.0 MB of expert reads
strata serve: KV streaming: 98.74% of 1094788 block reads hit VRAM, 55.5 MiB read from RAM
strata serve: suffix drafts: 27 windows, 129 of 133 drafts accepted
strata serve: prompt 21109 tokens = 20833 reused + 276 read in 2215 ms (124.6 tok/s), 357 generated in 6385 ms (55.9 tok/s), drafts accepted 212 of 254, 4 checkpoints
strata serve: decode expert cache hit rate: 89.2% (165703 hits / 185851 lookups); 5669 more read by the GPU over PCIe or from another GPU (3.0% of all 191520 routed)
strata serve: resident RAM: 41.23 GiB of experts in RAM, 123358 exchanged with the VRAM tier, 127479 blob reads from the file
strata serve: expert tiers: GPU 165703 hits this request; since the start RAM 4742306 blobs, files 127479 blobs 2282566.1 MB read (the GGUF in place)
strata serve: file tier I/O this request: the OS read 36.7 MB from storage (85 major faults) for 1923.5 MB of expert reads
strata serve: KV streaming: 99.20% of 1922572 block reads hit VRAM, 61.7 MiB read from RAM
strata serve: suffix drafts: 6 windows, 20 of 30 drafts accepted
strata serve: prompt 21446 tokens = 21104 reused + 342 read in 2159 ms (158.4 tok/s), 188 generated in 3474 ms (54.1 tok/s), drafts accepted 115 of 133, 5 checkpoints
strata serve: decode expert cache hit rate: 89.4% (86737 hits / 97065 lookups); 3255 more read by the GPU over PCIe or from another GPU (3.2% of all 100320 routed)
strata serve: resident RAM: 41.23 GiB of experts in RAM, 124933 exchanged with the VRAM tier, 127800 blob reads from the file
strata serve: expert tiers: GPU 86737 hits this request; since the start RAM 4761998 blobs, files 127800 blobs 2284492.8 MB read (the GGUF in place)
strata serve: file tier I/O this request: the OS read 45.0 MB from storage (113 major faults) for 1926.7 MB of expert reads
strata serve: KV streaming: 99.33% of 2360072 block reads hit VRAM, 63.7 MiB read from RAM
strata serve: suffix drafts: 6 windows, 16 of 22 drafts accepted
strata serve: prompt 21622 tokens = 21441 reused + 181 read in 1753 ms (103.3 tok/s), 311 generated in 4809 ms (64.7 tok/s), drafts accepted 214 of 226, 6 checkpoints
strata serve: decode expert cache hit rate: 89.1% (133118 hits / 149433 lookups); 5607 more read by the GPU over PCIe or from another GPU (3.6% of all 155040 routed)
strata serve: resident RAM: 41.23 GiB of experts in RAM, 126589 exchanged with the VRAM tier, 128075 blob reads from the file
strata serve: expert tiers: GPU 133118 hits this request; since the start RAM 4787738 blobs, files 128075 blobs 2286019.6 MB read (the GGUF in place)
strata serve: file tier I/O this request: the OS read 39.1 MB from storage (85 major faults) for 1526.8 MB of expert reads
strata serve: KV streaming: 99.46% of 3031728 block reads hit VRAM, 65.8 MiB read from RAM
strata serve: suffix drafts: 34 windows, 158 of 158 drafts accepted
strata serve: prompt 21921 tokens = 21617 reused + 304 read in 2355 ms (129.1 tok/s), 256 generated in 4857 ms (52.7 tok/s), drafts accepted 133 of 180, 6 checkpoints
strata serve: decode expert cache hit rate: 91.0% (129283 hits / 142081 lookups); 3359 more read by the GPU over PCIe or from another GPU (2.3% of all 145440 routed)
strata serve: resident RAM: 41.23 GiB of experts in RAM, 128955 exchanged with the VRAM tier, 128396 blob reads from the file
strata serve: expert tiers: GPU 129283 hits this request; since the start RAM 4811185 blobs, files 128396 blobs 2287907.8 MB read (the GGUF in place)
strata serve: file tier I/O this request: the OS read 29.1 MB from storage (83 major faults) for 1888.3 MB of expert reads
strata serve: KV streaming: 99.54% of 3662320 block reads hit VRAM, 68.3 MiB read from RAM
strata serve: suffix drafts: 3 windows, 4 of 8 drafts accepted
strata serve: prompt 22176 tokens = 0 reused + 22176 read in 19505 ms (1136.9 tok/s), 694 generated in 11039 ms (62.9 tok/s), drafts accepted 430 of 533, 3 checkpoints
strata serve: decode expert cache hit rate: 92.1% (345614 hits / 375427 lookups); 8093 more read by the GPU over PCIe or from another GPU (2.1% of all 383520 routed)
strata serve: resident RAM: 41.23 GiB of experts in RAM, 133836 exchanged with the VRAM tier, 130857 blob reads from the file
strata serve: expert tiers: GPU 345614 hits this request; since the start RAM 4905816 blobs, files 130857 blobs 2326555.6 MB read (the GGUF in place)
strata serve: file tier I/O this request: the OS read 638.9 MB from storage (1323 major faults) for 38647.8 MB of expert reads
strata serve: KV streaming: 98.95% of 1649372 block reads hit VRAM, 69.8 MiB read from RAM
strata serve: suffix drafts: 15 windows, 23 of 33 drafts accepted
strata serve: prompt 24641 tokens = 0 reused + 24641 read in 19910 ms (1237.6 tok/s), 329 generated in 5196 ms (63.3 tok/s), drafts accepted 205 of 254, 3 checkpoints
strata serve: decode expert cache hit rate: 93.0% (166510 hits / 179047 lookups); 3353 more read by the GPU over PCIe or from another GPU (1.8% of all 182400 routed)
strata serve: resident RAM: 41.23 GiB of experts in RAM, 136143 exchanged with the VRAM tier, 133318 blob reads from the file
strata serve: expert tiers: GPU 166510 hits this request; since the start RAM 4979164 blobs, files 133318 blobs 2365203.5 MB read (the GGUF in place)
strata serve: file tier I/O this request: the OS read 562.6 MB from storage (1957 major faults) for 38647.8 MB of expert reads
strata serve: KV streaming: 97.95% of 788740 block reads hit VRAM, 65.1 MiB read from RAM
strata serve: suffix drafts: 10 windows, 18 of 21 drafts accepted
strata serve: prompt 26826 tokens = 24636 reused + 2190 read in 4814 ms (455.0 tok/s), 223 generated in 4209 ms (53.0 tok/s), drafts accepted 126 of 159, 4 checkpoints
strata serve: decode expert cache hit rate: 90.8% (109677 hits / 120821 lookups); 3019 more read by the GPU over PCIe or from another GPU (2.4% of all 123840 routed)
strata serve: resident RAM: 41.23 GiB of experts in RAM, 138237 exchanged with the VRAM tier, 134308 blob reads from the file
strata serve: expert tiers: GPU 109677 hits this request; since the start RAM 5008006 blobs, files 134308 blobs 2371424.1 MB read (the GGUF in place)
strata serve: file tier I/O this request: the OS read 165.3 MB from storage (460 major faults) for 6220.6 MB of expert reads
strata serve: KV streaming: 98.57% of 1326892 block reads hit VRAM, 76.2 MiB read from RAM
strata serve: prompt 27046 tokens = 0 reused + 27046 read in 20072 ms (1347.4 tok/s), 400 generated in 6394 ms (62.6 tok/s), drafts accepted 269 of 314, 3 checkpoints
strata serve: decode expert cache hit rate: 90.6% (189139 hits / 208773 lookups); 5787 more read by the GPU over PCIe or from another GPU (2.7% of all 214560 routed)
strata serve: resident RAM: 41.23 GiB of experts in RAM, 141256 exchanged with the VRAM tier, 136769 blob reads from the file
strata serve: expert tiers: GPU 189139 hits this request; since the start RAM 5089742 blobs, files 136769 blobs 2410071.9 MB read (the GGUF in place)
strata serve: file tier I/O this request: the OS read 333.9 MB from storage (902 major faults) for 38647.8 MB of expert reads
strata serve: KV streaming: 98.17% of 926340 block reads hit VRAM, 68.4 MiB read from RAM
strata serve: suffix drafts: 9 windows, 20 of 26 drafts accepted
strata serve: prompt 29342 tokens = 0 reused + 29342 read in 20376 ms (1440.1 tok/s), 203 generated in 3958 ms (51.3 tok/s), drafts accepted 113 of 128, 3 checkpoints
strata serve: decode expert cache hit rate: 88.4% (89876 hits / 101648 lookups); 3472 more read by the GPU over PCIe or from another GPU (3.3% of all 105120 routed)
strata serve: resident RAM: 41.23 GiB of experts in RAM, 143147 exchanged with the VRAM tier, 139230 blob reads from the file
strata serve: expert tiers: GPU 89876 hits this request; since the start RAM 5162237 blobs, files 139230 blobs 2448719.7 MB read (the GGUF in place)
strata serve: file tier I/O this request: the OS read 340.7 MB from storage (1410 major faults) for 38647.8 MB of expert reads
strata serve: KV streaming: 96.42% of 458040 block reads hit VRAM, 66.1 MiB read from RAM
strata serve: suffix drafts: 2 windows, 7 of 7 drafts accepted
strata serve: prompt 29461 tokens = 29337 reused + 124 read in 1542 ms (80.4 tok/s), 400 generated in 6291 ms (63.6 tok/s), drafts accepted 246 of 300, 4 checkpoints
strata serve: decode expert cache hit rate: 92.4% (197178 hits / 213470 lookups); 4450 more read by the GPU over PCIe or from another GPU (2.0% of all 217920 routed)
strata serve: resident RAM: 41.23 GiB of experts in RAM, 146014 exchanged with the VRAM tier, 139505 blob reads from the file
strata serve: expert tiers: GPU 197178 hits this request; since the start RAM 5187607 blobs, files 139505 blobs 2450212.7 MB read (the GGUF in place)
strata serve: file tier I/O this request: the OS read 48.8 MB from storage (100 major faults) for 1493.0 MB of expert reads
strata serve: KV streaming: 98.64% of 1398772 block reads hit VRAM, 76.9 MiB read from RAM
strata serve: suffix drafts: 9 windows, 12 of 22 drafts accepted
strata serve: prompt 29820 tokens = 29456 reused + 364 read in 2149 ms (169.3 tok/s), 145 generated in 2817 ms (51.5 tok/s), drafts accepted 91 of 126, 5 checkpoints
strata serve: decode expert cache hit rate: 89.8% (76123 hits / 84768 lookups); 2592 more read by the GPU over PCIe or from another GPU (3.0% of all 87360 routed)
strata serve: resident RAM: 41.23 GiB of experts in RAM, 147358 exchanged with the VRAM tier, 139826 blob reads from the file
strata serve: expert tiers: GPU 76123 hits this request; since the start RAM 5204472 blobs, files 139826 blobs 2452144.9 MB read (the GGUF in place)
strata serve: file tier I/O this request: the OS read 51.5 MB from storage (143 major faults) for 1932.3 MB of expert reads
strata serve: KV streaming: 98.89% of 1780812 block reads hit VRAM, 79.8 MiB read from RAM
strata serve: suffix drafts: 2 windows, 5 of 8 drafts accepted
strata serve: prompt 30633 tokens = 0 reused + 30633 read in 23528 ms (1302.0 tok/s), 455 generated in 7737 ms (58.8 tok/s), drafts accepted 290 of 372, 3 checkpoints
strata serve: decode expert cache hit rate: 90.8% (228356 hits / 251552 lookups); 6688 more read by the GPU over PCIe or from another GPU (2.6% of all 258240 routed)
strata serve: resident RAM: 41.23 GiB of experts in RAM, 150821 exchanged with the VRAM tier, 142287 blob reads from the file
strata serve: expert tiers: GPU 228356 hits this request; since the start RAM 5304508 blobs, files 142287 blobs 2498522.3 MB read (the GGUF in place)
strata serve: file tier I/O this request: the OS read 417.7 MB from storage (1068 major faults) for 46377.4 MB of expert reads
strata serve: KV streaming: 98.26% of 1113268 block reads hit VRAM, 78.1 MiB read from RAM
strata serve: suffix drafts: 9 windows, 29 of 34 drafts accepted
strata serve: prompt 32116 tokens = 0 reused + 32116 read in 23891 ms (1344.3 tok/s), 340 generated in 5091 ms (66.8 tok/s), drafts accepted 224 of 270, 3 checkpoints
strata serve: decode expert cache hit rate: 92.2% (168125 hits / 182324 lookups); 3916 more read by the GPU over PCIe or from another GPU (2.1% of all 186240 routed)
strata serve: resident RAM: 41.23 GiB of experts in RAM, 153018 exchanged with the VRAM tier, 144748 blob reads from the file
strata serve: expert tiers: GPU 168125 hits this request; since the start RAM 5393173 blobs, files 144748 blobs 2544899.7 MB read (the GGUF in place)
strata serve: file tier I/O this request: the OS read 458.5 MB from storage (1516 major faults) for 46377.4 MB of expert reads
strata serve: KV streaming: 97.63% of 805172 block reads hit VRAM, 77.0 MiB read from RAM
strata serve: suffix drafts: 5 windows, 12 of 14 drafts accepted
strata serve: prompt 32648 tokens = 32111 reused + 537 read in 2779 ms (193.2 tok/s), 121 generated in 2307 ms (52.4 tok/s), drafts accepted 70 of 81, 4 checkpoints
strata serve: decode expert cache hit rate: 88.5% (54308 hits / 61357 lookups); 2003 more read by the GPU over PCIe or from another GPU (3.2% of all 63360 routed)
strata serve: resident RAM: 41.23 GiB of experts in RAM, 154171 exchanged with the VRAM tier, 145132 blob reads from the file
strata serve: expert tiers: GPU 54308 hits this request; since the start RAM 5410040 blobs, files 145132 blobs 2547200.5 MB read (the GGUF in place)
strata serve: file tier I/O this request: the OS read 60.0 MB from storage (197 major faults) for 2300.8 MB of expert reads
strata serve: KV streaming: 98.07% of 1084516 block reads hit VRAM, 84.2 MiB read from RAM
strata serve: suffix drafts: 1 windows, 1 of 2 drafts accepted
strata serve: prompt 32834 tokens = 32643 reused + 191 read in 1538 ms (124.2 tok/s), 259 generated in 4477 ms (57.9 tok/s), drafts accepted 166 of 192, 5 checkpoints
strata serve: decode expert cache hit rate: 89.4% (119615 hits / 133781 lookups); 4459 more read by the GPU over PCIe or from another GPU (3.2% of all 138240 routed)
strata serve: resident RAM: 41.23 GiB of experts in RAM, 156070 exchanged with the VRAM tier, 145407 blob reads from the file
strata serve: expert tiers: GPU 119615 hits this request; since the start RAM 5432407 blobs, files 145407 blobs 2548707.9 MB read (the GGUF in place)
strata serve: file tier I/O this request: the OS read 31.0 MB from storage (28 major faults) for 1507.4 MB of expert reads
strata serve: KV streaming: 98.66% of 1684284 block reads hit VRAM, 90.9 MiB read from RAM
strata serve: suffix drafts: 7 windows, 17 of 23 drafts accepted
strata serve: prompt 32989 tokens = 32829 reused + 160 read in 1827 ms (87.6 tok/s), 345 generated in 5038 ms (68.5 tok/s), drafts accepted 261 of 270, 6 checkpoints
strata serve: decode expert cache hit rate: 88.2% (144737 hits / 164053 lookups); 6827 more read by the GPU over PCIe or from another GPU (4.0% of all 170880 routed)
strata serve: resident RAM: 41.23 GiB of experts in RAM, 157817 exchanged with the VRAM tier, 145682 blob reads from the file
strata serve: expert tiers: GPU 144737 hits this request; since the start RAM 5461770 blobs, files 145682 blobs 2550220.4 MB read (the GGUF in place)
strata serve: file tier I/O this request: the OS read 29.9 MB from storage (39 major faults) for 1512.4 MB of expert reads
strata serve: KV streaming: 99.04% of 2423728 block reads hit VRAM, 93.4 MiB read from RAM
strata serve: suffix drafts: 42 windows, 202 of 202 drafts accepted
strata serve: prompt 33340 tokens = 32984 reused + 356 read in 2627 ms (135.5 tok/s), 189 generated in 4042 ms (46.8 tok/s), drafts accepted 104 of 152, 6 checkpoints
strata serve: decode expert cache hit rate: 88.4% (98166 hits / 111057 lookups); 3663 more read by the GPU over PCIe or from another GPU (3.2% of all 114720 routed)
strata serve: resident RAM: 41.23 GiB of experts in RAM, 159863 exchanged with the VRAM tier, 146003 blob reads from the file
strata serve: expert tiers: GPU 98166 hits this request; since the start RAM 5485975 blobs, files 146003 blobs 2552149.5 MB read (the GGUF in place)
strata serve: file tier I/O this request: the OS read 41.2 MB from storage (150 major faults) for 1929.1 MB of expert reads
strata serve: KV streaming: 99.18% of 2922864 block reads hit VRAM, 96.7 MiB read from RAM
strata serve: suffix drafts: 1 windows, 1 of 2 drafts accepted
strata serve: prompt 33668 tokens = 0 reused + 33668 read in 23781 ms (1415.7 tok/s), 377 generated in 6660 ms (56.6 tok/s), drafts accepted 244 of 292, 3 checkpoints
strata serve: decode expert cache hit rate: 89.0% (176986 hits / 198945 lookups); 6495 more read by the GPU over PCIe or from another GPU (3.2% of all 205440 routed)
strata serve: resident RAM: 41.23 GiB of experts in RAM, 163040 exchanged with the VRAM tier, 148464 blob reads from the file
strata serve: expert tiers: GPU 176986 hits this request; since the start RAM 5584654 blobs, files 148464 blobs 2598526.9 MB read (the GGUF in place)
strata serve: file tier I/O this request: the OS read 614.8 MB from storage (1338 major faults) for 46377.4 MB of expert reads
strata serve: KV streaming: 97.72% of 887336 block reads hit VRAM, 81.6 MiB read from RAM
strata serve: suffix drafts: 7 windows, 9 of 17 drafts accepted
strata serve: prompt 35946 tokens = 0 reused + 35946 read in 24140 ms (1489.0 tok/s), 309 generated in 4768 ms (64.8 tok/s), drafts accepted 211 of 249, 3 checkpoints
strata serve: decode expert cache hit rate: 90.4% (146680 hits / 162243 lookups); 4317 more read by the GPU over PCIe or from another GPU (2.6% of all 166560 routed)
strata serve: resident RAM: 41.23 GiB of experts in RAM, 165138 exchanged with the VRAM tier, 150925 blob reads from the file
strata serve: expert tiers: GPU 146680 hits this request; since the start RAM 5674253 blobs, files 150925 blobs 2644904.2 MB read (the GGUF in place)
strata serve: file tier I/O this request: the OS read 392.8 MB from storage (1252 major faults) for 46377.4 MB of expert reads
strata serve: KV streaming: 97.26% of 720956 block reads hit VRAM, 79.6 MiB read from RAM
strata serve: suffix drafts: 2 windows, 7 of 8 drafts accepted
strata serve: prompt 36353 tokens = 35941 reused + 412 read in 2614 ms (157.6 tok/s), 136 generated in 2735 ms (49.7 tok/s), drafts accepted 78 of 108, 4 checkpoints
strata serve: decode expert cache hit rate: 88.1% (67850 hits / 77017 lookups); 2663 more read by the GPU over PCIe or from another GPU (3.3% of all 79680 routed)
strata serve: resident RAM: 41.23 GiB of experts in RAM, 166497 exchanged with the VRAM tier, 151246 blob reads from the file
strata serve: expert tiers: GPU 67850 hits this request; since the start RAM 5692909 blobs, files 151246 blobs 2646871.2 MB read (the GGUF in place)
strata serve: file tier I/O this request: the OS read 48.6 MB from storage (131 major faults) for 1967.0 MB of expert reads
strata serve: KV streaming: 97.99% of 1070152 block reads hit VRAM, 86.8 MiB read from RAM
strata serve: prompt 37045 tokens = 0 reused + 37045 read in 26211 ms (1413.3 tok/s), 665 generated in 10906 ms (61.0 tok/s), drafts accepted 444 of 517, 4 checkpoints
strata serve: decode expert cache hit rate: 90.3% (312043 hits / 345714 lookups); 9966 more read by the GPU over PCIe or from another GPU (2.8% of all 355680 routed)
strata serve: resident RAM: 41.23 GiB of experts in RAM, 171521 exchanged with the VRAM tier, 153707 blob reads from the file
strata serve: expert tiers: GPU 312043 hits this request; since the start RAM 5813102 blobs, files 153707 blobs 2699266.8 MB read (the GGUF in place)
strata serve: file tier I/O this request: the OS read 259.0 MB from storage (565 major faults) for 52395.5 MB of expert reads
strata serve: KV streaming: 98.54% of 1530228 block reads hit VRAM, 89.9 MiB read from RAM
strata serve: suffix drafts: 9 windows, 18 of 31 drafts accepted
strata serve: prompt 39512 tokens = 0 reused + 39512 read in 27089 ms (1458.6 tok/s), 433 generated in 7302 ms (59.3 tok/s), drafts accepted 292 of 334, 4 checkpoints
strata serve: decode expert cache hit rate: 89.2% (197756 hits / 221711 lookups); 7249 more read by the GPU over PCIe or from another GPU (3.2% of all 228960 routed)
strata serve: resident RAM: 41.23 GiB of experts in RAM, 174888 exchanged with the VRAM tier, 156168 blob reads from the file
strata serve: expert tiers: GPU 197756 hits this request; since the start RAM 5923721 blobs, files 156168 blobs 2753326.7 MB read (the GGUF in place)
strata serve: file tier I/O this request: the OS read 474.7 MB from storage (1672 major faults) for 54059.9 MB of expert reads
strata serve: KV streaming: 97.77% of 987988 block reads hit VRAM, 88.8 MiB read from RAM
strata serve: suffix drafts: 5 windows, 14 of 19 drafts accepted
strata serve: prompt 39959 tokens = 39507 reused + 452 read in 2533 ms (178.5 tok/s), 172 generated in 3528 ms (48.8 tok/s), drafts accepted 102 of 139, 5 checkpoints
strata serve: decode expert cache hit rate: 86.8% (83728 hits / 96477 lookups); 3843 more read by the GPU over PCIe or from another GPU (3.8% of all 100320 routed)
strata serve: resident RAM: 41.23 GiB of experts in RAM, 176502 exchanged with the VRAM tier, 156489 blob reads from the file
strata serve: expert tiers: GPU 83728 hits this request; since the start RAM 5946700 blobs, files 156489 blobs 2755308.6 MB read (the GGUF in place)
strata serve: file tier I/O this request: the OS read 53.9 MB from storage (140 major faults) for 1982.0 MB of expert reads
strata serve: KV streaming: 98.35% of 1425480 block reads hit VRAM, 95.0 MiB read from RAM
strata serve: suffix drafts: 1 windows, 3 of 3 drafts accepted
strata serve: prompt 46497 tokens = 0 reused + 8192 of 46497 read in 6586 ms (1243.9 tok/s), 0 generated in 0 ms (0.0 tok/s), drafts accepted 0 of 0, 0 checkpoints (cancelled)
strata serve: resident RAM: 41.23 GiB of experts in RAM, 176502 exchanged with the VRAM tier, 158950 blob reads from the file
strata serve: expert tiers: GPU 0 hits this request; since the start RAM 5960846 blobs, files 158950 blobs 2770767.8 MB read (the GGUF in place)
strata serve: file tier I/O this request: the OS read 294.4 MB from storage (817 major faults) for 15459.1 MB of expert reads
strata serve: KV streaming: 100.00% of 0 block reads hit VRAM, 0.0 MiB read from RAM
strata serve: prompt 53939 tokens = 0 reused + 53939 read in 31960 ms (1687.7 tok/s), 2494 generated in 38122 ms (65.4 tok/s), drafts accepted 1378 of 1717, 4 checkpoints
strata serve: decode expert cache hit rate: 92.6% (1233729 hits / 1332589 lookups); 27251 more read by the GPU over PCIe or from another GPU (2.0% of all 1359840 routed)
strata serve: resident RAM: 41.23 GiB of experts in RAM, 189315 exchanged with the VRAM tier, 161411 blob reads from the file
strata serve: expert tiers: GPU 1233729 hits this request; since the start RAM 6181220 blobs, files 161411 blobs 2832604.3 MB read (the GGUF in place)
strata serve: file tier I/O this request: the OS read 225.6 MB from storage (0 major faults) for 61836.5 MB of expert reads
strata serve: KV streaming: 99.03% of 5827148 block reads hit VRAM, 227.2 MiB read from RAM
strata serve: suffix drafts: 65 windows, 203 of 229 drafts accepted
strata serve: prompt 55682 tokens = 0 reused + 55682 read in 34767 ms (1601.6 tok/s), 1105 generated in 18795 ms (58.8 tok/s), drafts accepted 770 of 873, 5 checkpoints
strata serve: decode expert cache hit rate: 87.1% (486146 hits / 557839 lookups); 23441 more read by the GPU over PCIe or from another GPU (4.0% of all 581280 routed)
strata serve: resident RAM: 41.23 GiB of experts in RAM, 197176 exchanged with the VRAM tier, 163872 blob reads from the file
strata serve: expert tiers: GPU 486146 hits this request; since the start RAM 6377460 blobs, files 163872 blobs 2902064.9 MB read (the GGUF in place)
strata serve: file tier I/O this request: the OS read 1019.4 MB from storage (2172 major faults) for 69460.7 MB of expert reads
strata serve: KV streaming: 98.36% of 2495600 block reads hit VRAM, 164.5 MiB read from RAM
strata serve: suffix drafts: 79 windows, 361 of 389 drafts accepted
strata serve: prompt 56616 tokens = 55677 reused + 939 read in 4125 ms (227.6 tok/s), 1965 generated in 29302 ms (67.1 tok/s), drafts accepted 1374 of 1557, 6 checkpoints
strata serve: decode expert cache hit rate: 90.9% (912376 hits / 1003386 lookups); 27654 more read by the GPU over PCIe or from another GPU (2.7% of all 1031040 routed)
strata serve: resident RAM: 41.23 GiB of experts in RAM, 210179 exchanged with the VRAM tier, 164542 blob reads from the file
strata serve: expert tiers: GPU 912376 hits this request; since the start RAM 6506098 blobs, files 164542 blobs 2906265.2 MB read (the GGUF in place)
strata serve: file tier I/O this request: the OS read 263.0 MB from storage (578 major faults) for 4200.2 MB of expert reads
strata serve: KV streaming: 99.07% of 6915816 block reads hit VRAM, 260.2 MiB read from RAM
strata serve: suffix drafts: 30 windows, 103 of 130 drafts accepted
strata serve: prompt 58664 tokens = 56611 reused + 2053 read in 4730 ms (434.0 tok/s), 1841 generated in 25795 ms (71.4 tok/s), drafts accepted 1432 of 1517, 6 checkpoints
strata serve: decode expert cache hit rate: 88.8% (790455 hits / 890256 lookups); 35664 more read by the GPU over PCIe or from another GPU (3.9% of all 925920 routed)
strata serve: resident RAM: 41.23 GiB of experts in RAM, 220045 exchanged with the VRAM tier, 165467 blob reads from the file
strata serve: expert tiers: GPU 790455 hits this request; since the start RAM 6650616 blobs, files 165467 blobs 2912084.4 MB read (the GGUF in place)
strata serve: file tier I/O this request: the OS read 377.5 MB from storage (857 major faults) for 5819.2 MB of expert reads
strata serve: KV streaming: 99.17% of 10886184 block reads hit VRAM, 363.0 MiB read from RAM
strata serve: suffix drafts: 192 windows, 921 of 958 drafts accepted
strata serve: prompt 60660 tokens = 58659 reused + 2001 read in 4785 ms (418.2 tok/s), 550 generated in 11523 ms (47.7 tok/s), drafts accepted 306 of 410, 6 checkpoints
strata serve: decode expert cache hit rate: 85.2% (256446 hits / 300904 lookups); 13496 more read by the GPU over PCIe or from another GPU (4.3% of all 314400 routed)
strata serve: resident RAM: 41.23 GiB of experts in RAM, 225725 exchanged with the VRAM tier, 166392 blob reads from the file
strata serve: expert tiers: GPU 256446 hits this request; since the start RAM 6719565 blobs, files 166392 blobs 2917903.6 MB read (the GGUF in place)
strata serve: file tier I/O this request: the OS read 541.5 MB from storage (1161 major faults) for 5819.2 MB of expert reads
strata serve: KV streaming: 99.07% of 12239768 block reads hit VRAM, 457.1 MiB read from RAM
strata serve: prompt 12962 tokens = 0 reused + 12962 read in 13527 ms (958.2 tok/s), 536 generated in 8679 ms (61.8 tok/s), drafts accepted 350 of 427, 2 checkpoints
strata serve: decode expert cache hit rate: 89.5% (255465 hits / 285527 lookups); 8713 more read by the GPU over PCIe or from another GPU (3.0% of all 294240 routed)
strata serve: resident RAM: 41.23 GiB of experts in RAM, 229668 exchanged with the VRAM tier, 168853 blob reads from the file
strata serve: expert tiers: GPU 255465 hits this request; since the start RAM 6792107 blobs, files 168853 blobs 2947610.6 MB read (the GGUF in place)
strata serve: file tier I/O this request: the OS read 1320.6 MB from storage (1938 major faults) for 29707.1 MB of expert reads
strata serve: KV streaming: 99.07% of 1267300 block reads hit VRAM, 47.7 MiB read from RAM
strata serve: suffix drafts: 1 windows, 2 of 5 drafts accepted
strata serve: prompt 15399 tokens = 0 reused + 15399 read in 15000 ms (1026.6 tok/s), 540 generated in 8290 ms (65.1 tok/s), drafts accepted 353 of 442, 2 checkpoints
strata serve: decode expert cache hit rate: 91.8% (271561 hits / 295747 lookups); 6653 more read by the GPU over PCIe or from another GPU (2.2% of all 302400 routed)
strata serve: resident RAM: 41.23 GiB of experts in RAM, 233282 exchanged with the VRAM tier, 171314 blob reads from the file
strata serve: expert tiers: GPU 271561 hits this request; since the start RAM 6864936 blobs, files 171314 blobs 2978528.9 MB read (the GGUF in place)
strata serve: file tier I/O this request: the OS read 553.9 MB from storage (1435 major faults) for 30918.2 MB of expert reads
strata serve: KV streaming: 99.00% of 1302236 block reads hit VRAM, 52.2 MiB read from RAM
strata serve: suffix drafts: 5 windows, 6 of 13 drafts accepted
strata serve: prompt 15916 tokens = 15394 reused + 522 read in 2273 ms (229.6 tok/s), 469 generated in 6651 ms (70.5 tok/s), drafts accepted 369 of 382, 3 checkpoints
strata serve: decode expert cache hit rate: 88.2% (196903 hits / 223212 lookups); 9588 more read by the GPU over PCIe or from another GPU (4.1% of all 232800 routed)
strata serve: resident RAM: 41.23 GiB of experts in RAM, 235778 exchanged with the VRAM tier, 171698 blob reads from the file
strata serve: expert tiers: GPU 196903 hits this request; since the start RAM 6904962 blobs, files 171698 blobs 2980863.5 MB read (the GGUF in place)
strata serve: file tier I/O this request: the OS read 78.6 MB from storage (174 major faults) for 2334.6 MB of expert reads
strata serve: KV streaming: 99.40% of 2306644 block reads hit VRAM, 56.2 MiB read from RAM
strata serve: suffix drafts: 58 windows, 254 of 265 drafts accepted
strata serve: prompt 16398 tokens = 15911 reused + 487 read in 2547 ms (191.2 tok/s), 285 generated in 5810 ms (49.0 tok/s), drafts accepted 167 of 237, 4 checkpoints
strata serve: decode expert cache hit rate: 87.2% (143897 hits / 165081 lookups); 6279 more read by the GPU over PCIe or from another GPU (3.7% of all 171360 routed)
strata serve: resident RAM: 41.23 GiB of experts in RAM, 238527 exchanged with the VRAM tier, 172019 blob reads from the file
strata serve: expert tiers: GPU 143897 hits this request; since the start RAM 6938233 blobs, files 172019 blobs 2982841.4 MB read (the GGUF in place)
strata serve: file tier I/O this request: the OS read 63.5 MB from storage (96 major faults) for 1978.0 MB of expert reads
strata serve: KV streaming: 99.52% of 3048148 block reads hit VRAM, 58.4 MiB read from RAM
strata serve: prompt 16098 tokens = 0 reused + 16098 read in 15012 ms (1072.4 tok/s), 432 generated in 7153 ms (60.4 tok/s), drafts accepted 278 of 343, 2 checkpoints
strata serve: decode expert cache hit rate: 89.9% (208264 hits / 231714 lookups); 6846 more read by the GPU over PCIe or from another GPU (2.9% of all 238560 routed)
strata serve: resident RAM: 41.23 GiB of experts in RAM, 241754 exchanged with the VRAM tier, 174480 blob reads from the file
strata serve: expert tiers: GPU 208264 hits this request; since the start RAM 7009701 blobs, files 174480 blobs 3013759.7 MB read (the GGUF in place)
strata serve: file tier I/O this request: the OS read 508.8 MB from storage (1206 major faults) for 30918.2 MB of expert reads
strata serve: KV streaming: 98.79% of 1029052 block reads hit VRAM, 50.1 MiB read from RAM
strata serve: suffix drafts: 3 windows, 6 of 11 drafts accepted
strata serve: prompt 18307 tokens = 0 reused + 18307 read in 15394 ms (1189.3 tok/s), 811 generated in 10937 ms (74.2 tok/s), drafts accepted 545 of 646, 2 checkpoints
strata serve: decode expert cache hit rate: 93.7% (404675 hits / 431769 lookups); 6951 more read by the GPU over PCIe or from another GPU (1.6% of all 438720 routed)
strata serve: resident RAM: 41.23 GiB of experts in RAM, 246337 exchanged with the VRAM tier, 176941 blob reads from the file
strata serve: expert tiers: GPU 404675 hits this request; since the start RAM 7086708 blobs, files 176941 blobs 3044677.9 MB read (the GGUF in place)
strata serve: file tier I/O this request: the OS read 293.7 MB from storage (812 major faults) for 30918.2 MB of expert reads
strata serve: KV streaming: 99.26% of 1885576 block reads hit VRAM, 56.4 MiB read from RAM
strata serve: suffix drafts: 11 windows, 26 of 38 drafts accepted
strata serve: prompt 19149 tokens = 18302 reused + 847 read in 2946 ms (287.5 tok/s), 836 generated in 12323 ms (67.8 tok/s), drafts accepted 632 of 699, 3 checkpoints
strata serve: decode expert cache hit rate: 89.4% (375167 hits / 419858 lookups); 15502 more read by the GPU over PCIe or from another GPU (3.6% of all 435360 routed)
strata serve: resident RAM: 41.23 GiB of experts in RAM, 251253 exchanged with the VRAM tier, 177611 blob reads from the file
strata serve: expert tiers: GPU 375167 hits this request; since the start RAM 7151544 blobs, files 177611 blobs 3048795.0 MB read (the GGUF in place)
strata serve: file tier I/O this request: the OS read 119.8 MB from storage (356 major faults) for 4117.1 MB of expert reads
strata serve: KV streaming: 99.59% of 3756764 block reads hit VRAM, 62.6 MiB read from RAM
strata serve: suffix drafts: 83 windows, 376 of 402 drafts accepted
strata serve: prompt 19924 tokens = 19144 reused + 780 read in 3386 ms (230.3 tok/s), 189 generated in 3997 ms (47.3 tok/s), drafts accepted 111 of 144, 4 checkpoints
strata serve: decode expert cache hit rate: 84.7% (86866 hits / 102597 lookups); 4923 more read by the GPU over PCIe or from another GPU (4.6% of all 107520 routed)
strata serve: resident RAM: 41.23 GiB of experts in RAM, 253173 exchanged with the VRAM tier, 178281 blob reads from the file
strata serve: expert tiers: GPU 86866 hits this request; since the start RAM 7179835 blobs, files 178281 blobs 3052966.7 MB read (the GGUF in place)
strata serve: file tier I/O this request: the OS read 167.7 MB from storage (371 major faults) for 4171.7 MB of expert reads
strata serve: KV streaming: 99.62% of 4225080 block reads hit VRAM, 63.9 MiB read from RAM
strata serve: suffix drafts: 2 windows, 4 of 7 drafts accepted
strata serve: prompt 19880 tokens = 0 reused + 19880 read in 16348 ms (1216.1 tok/s), 586 generated in 9697 ms (60.4 tok/s), drafts accepted 370 of 483, 2 checkpoints
strata serve: decode expert cache hit rate: 91.1% (298640 hits / 327994 lookups); 8006 more read by the GPU over PCIe or from another GPU (2.4% of all 336000 routed)
strata serve: resident RAM: 41.23 GiB of experts in RAM, 257804 exchanged with the VRAM tier, 180742 blob reads from the file
strata serve: expert tiers: GPU 298640 hits this request; since the start RAM 7258545 blobs, files 180742 blobs 3083885.0 MB read (the GGUF in place)
strata serve: file tier I/O this request: the OS read 446.4 MB from storage (1066 major faults) for 30918.2 MB of expert reads
strata serve: KV streaming: 98.93% of 1446000 block reads hit VRAM, 62.4 MiB read from RAM
strata serve: suffix drafts: 6 windows, 11 of 22 drafts accepted
strata serve: prompt 22345 tokens = 0 reused + 22345 read in 17389 ms (1285.0 tok/s), 810 generated in 12323 ms (65.7 tok/s), drafts accepted 522 of 662, 3 checkpoints
strata serve: decode expert cache hit rate: 92.9% (416872 hits / 448816 lookups); 8624 more read by the GPU over PCIe or from another GPU (1.9% of all 457440 routed)
strata serve: resident RAM: 41.23 GiB of experts in RAM, 262935 exchanged with the VRAM tier, 183203 blob reads from the file
strata serve: expert tiers: GPU 416872 hits this request; since the start RAM 7343896 blobs, files 183203 blobs 3118194.2 MB read (the GGUF in place)
strata serve: file tier I/O this request: the OS read 441.2 MB from storage (1239 major faults) for 34309.2 MB of expert reads
strata serve: KV streaming: 99.17% of 1965648 block reads hit VRAM, 65.9 MiB read from RAM
strata serve: suffix drafts: 7 windows, 18 of 26 drafts accepted
strata serve: prompt 23106 tokens = 22340 reused + 766 read in 2629 ms (291.4 tok/s), 186 generated in 3364 ms (55.3 tok/s), drafts accepted 110 of 157, 4 checkpoints
strata serve: decode expert cache hit rate: 91.7% (101192 hits / 110358 lookups); 2442 more read by the GPU over PCIe or from another GPU (2.2% of all 112800 routed)
strata serve: resident RAM: 41.23 GiB of experts in RAM, 264559 exchanged with the VRAM tier, 183587 blob reads from the file
strata serve: expert tiers: GPU 101192 hits this request; since the start RAM 7362301 blobs, files 183587 blobs 3120568.3 MB read (the GGUF in place)
strata serve: file tier I/O this request: the OS read 70.7 MB from storage (127 major faults) for 2374.1 MB of expert reads
strata serve: KV streaming: 99.31% of 2456560 block reads hit VRAM, 68.3 MiB read from RAM
strata serve: suffix drafts: 2 windows, 4 of 5 drafts accepted
strata serve: prompt 23094 tokens = 0 reused + 23094 read in 19634 ms (1176.2 tok/s), 986 generated in 15030 ms (65.6 tok/s), drafts accepted 576 of 733, 3 checkpoints
strata serve: decode expert cache hit rate: 93.6% (505085 hits / 539683 lookups); 8957 more read by the GPU over PCIe or from another GPU (1.6% of all 548640 routed)
strata serve: resident RAM: 41.23 GiB of experts in RAM, 270523 exchanged with the VRAM tier, 186048 blob reads from the file
strata serve: expert tiers: GPU 505085 hits this request; since the start RAM 7463105 blobs, files 186048 blobs 3159216.1 MB read (the GGUF in place)
strata serve: file tier I/O this request: the OS read 321.2 MB from storage (724 major faults) for 38647.8 MB of expert reads
strata serve: KV streaming: 99.25% of 2355948 block reads hit VRAM, 71.3 MiB read from RAM
strata serve: suffix drafts: 8 windows, 15 of 18 drafts accepted
strata serve: prompt 25684 tokens = 0 reused + 25684 read in 20010 ms (1283.5 tok/s), 839 generated in 12235 ms (68.6 tok/s), drafts accepted 529 of 727, 3 checkpoints
strata serve: decode expert cache hit rate: 94.1% (462046 hits / 490910 lookups); 7330 more read by the GPU over PCIe or from another GPU (1.5% of all 498240 routed)
strata serve: resident RAM: 41.23 GiB of experts in RAM, 275446 exchanged with the VRAM tier, 188509 blob reads from the file
strata serve: expert tiers: GPU 462046 hits this request; since the start RAM 7556833 blobs, files 188509 blobs 3197863.9 MB read (the GGUF in place)
strata serve: file tier I/O this request: the OS read 420.1 MB from storage (1234 major faults) for 38647.8 MB of expert reads
strata serve: KV streaming: 99.15% of 2140268 block reads hit VRAM, 73.5 MiB read from RAM
strata serve: suffix drafts: 20 windows, 28 of 58 drafts accepted
strata serve: prompt 26570 tokens = 25679 reused + 891 read in 3025 ms (294.6 tok/s), 288 generated in 5112 ms (56.3 tok/s), drafts accepted 192 of 225, 4 checkpoints
strata serve: decode expert cache hit rate: 88.6% (132338 hits / 149425 lookups); 5615 more read by the GPU over PCIe or from another GPU (3.6% of all 155040 routed)
strata serve: resident RAM: 41.23 GiB of experts in RAM, 277741 exchanged with the VRAM tier, 189179 blob reads from the file
strata serve: expert tiers: GPU 132338 hits this request; since the start RAM 7586526 blobs, files 189179 blobs 3202058.0 MB read (the GGUF in place)
strata serve: file tier I/O this request: the OS read 102.3 MB from storage (291 major faults) for 4194.1 MB of expert reads
strata serve: KV streaming: 99.30% of 2811928 block reads hit VRAM, 79.4 MiB read from RAM
strata serve: suffix drafts: 12 windows, 47 of 55 drafts accepted
strata serve: prompt 26828 tokens = 26565 reused + 263 read in 2063 ms (127.5 tok/s), 804 generated in 12247 ms (65.7 tok/s), drafts accepted 550 of 632, 5 checkpoints
strata serve: decode expert cache hit rate: 91.0% (377724 hits / 414987 lookups); 11253 more read by the GPU over PCIe or from another GPU (2.6% of all 426240 routed)
strata serve: resident RAM: 41.23 GiB of experts in RAM, 283134 exchanged with the VRAM tier, 189500 blob reads from the file
strata serve: expert tiers: GPU 377724 hits this request; since the start RAM 7640689 blobs, files 189500 blobs 3203990.3 MB read (the GGUF in place)
strata serve: file tier I/O this request: the OS read 47.3 MB from storage (39 major faults) for 1932.3 MB of expert reads
strata serve: KV streaming: 99.55% of 4644108 block reads hit VRAM, 84.5 MiB read from RAM
strata serve: suffix drafts: 39 windows, 135 of 150 drafts accepted
strata serve: prompt 27601 tokens = 26823 reused + 778 read in 3229 ms (241.0 tok/s), 307 generated in 5896 ms (52.1 tok/s), drafts accepted 154 of 248, 6 checkpoints
strata serve: decode expert cache hit rate: 91.4% (172827 hits / 189144 lookups); 4296 more read by the GPU over PCIe or from another GPU (2.2% of all 193440 routed)
strata serve: resident RAM: 41.23 GiB of experts in RAM, 285645 exchanged with the VRAM tier, 190170 blob reads from the file
strata serve: expert tiers: GPU 172827 hits this request; since the start RAM 7669999 blobs, files 190170 blobs 3208196.7 MB read (the GGUF in place)
strata serve: file tier I/O this request: the OS read 133.2 MB from storage (245 major faults) for 4206.4 MB of expert reads
strata serve: KV streaming: 99.61% of 5480136 block reads hit VRAM, 87.0 MiB read from RAM
strata serve: suffix drafts: 3 windows, 8 of 9 drafts accepted
strata serve: prompt 27422 tokens = 0 reused + 27422 read in 20197 ms (1357.8 tok/s), 1027 generated in 15171 ms (67.7 tok/s), drafts accepted 677 of 839, 3 checkpoints
strata serve: decode expert cache hit rate: 93.0% (521219 hits / 560160 lookups); 10560 more read by the GPU over PCIe or from another GPU (1.9% of all 570720 routed)
strata serve: resident RAM: 41.23 GiB of experts in RAM, 292202 exchanged with the VRAM tier, 192631 blob reads from the file
strata serve: expert tiers: GPU 521219 hits this request; since the start RAM 7777029 blobs, files 192631 blobs 3246844.5 MB read (the GGUF in place)
strata serve: file tier I/O this request: the OS read 501.5 MB from storage (902 major faults) for 38647.8 MB of expert reads
strata serve: KV streaming: 99.17% of 2450452 block reads hit VRAM, 82.0 MiB read from RAM
strata serve: suffix drafts: 5 windows, 8 of 14 drafts accepted
strata serve: prompt 30273 tokens = 0 reused + 30273 read in 20676 ms (1464.2 tok/s), 1182 generated in 15368 ms (76.9 tok/s), drafts accepted 813 of 963, 3 checkpoints
strata serve: decode expert cache hit rate: 94.1% (594813 hits / 631794 lookups); 9486 more read by the GPU over PCIe or from another GPU (1.5% of all 641280 routed)
strata serve: resident RAM: 41.23 GiB of experts in RAM, 298280 exchanged with the VRAM tier, 195092 blob reads from the file
strata serve: expert tiers: GPU 594813 hits this request; since the start RAM 7881587 blobs, files 195092 blobs 3285492.3 MB read (the GGUF in place)
strata serve: file tier I/O this request: the OS read 443.9 MB from storage (1243 major faults) for 38647.8 MB of expert reads
strata serve: KV streaming: 99.22% of 2752356 block reads hit VRAM, 86.4 MiB read from RAM
strata serve: suffix drafts: 16 windows, 25 of 43 drafts accepted
strata serve: prompt 31508 tokens = 30268 reused + 1240 read in 4457 ms (278.2 tok/s), 168 generated in 3429 ms (49.0 tok/s), drafts accepted 100 of 128, 4 checkpoints
strata serve: decode expert cache hit rate: 86.5% (78103 hits / 90290 lookups); 3790 more read by the GPU over PCIe or from another GPU (4.0% of all 94080 routed)
strata serve: resident RAM: 41.23 GiB of experts in RAM, 299887 exchanged with the VRAM tier, 195827 blob reads from the file
strata serve: expert tiers: GPU 78103 hits this request; since the start RAM 7911436 blobs, files 195827 blobs 3290108.3 MB read (the GGUF in place)
strata serve: file tier I/O this request: the OS read 145.0 MB from storage (330 major faults) for 4616.0 MB of expert reads
strata serve: KV streaming: 99.28% of 3163168 block reads hit VRAM, 91.4 MiB read from RAM
strata serve: suffix drafts: 1 windows, 1 of 5 drafts accepted
strata serve: prompt 31659 tokens = 31503 reused + 156 read in 1666 ms (93.6 tok/s), 175 generated in 3108 ms (56.3 tok/s), drafts accepted 119 of 139, 5 checkpoints
strata serve: decode expert cache hit rate: 87.2% (78255 hits / 89753 lookups); 3847 more read by the GPU over PCIe or from another GPU (4.1% of all 93600 routed)
strata serve: resident RAM: 41.23 GiB of experts in RAM, 301231 exchanged with the VRAM tier, 196102 blob reads from the file
strata serve: expert tiers: GPU 78255 hits this request; since the start RAM 7930905 blobs, files 196102 blobs 3291676.8 MB read (the GGUF in place)
strata serve: file tier I/O this request: the OS read 24.2 MB from storage (25 major faults) for 1568.5 MB of expert reads
strata serve: KV streaming: 99.34% of 3571916 block reads hit VRAM, 95.5 MiB read from RAM
strata serve: suffix drafts: 4 windows, 15 of 18 drafts accepted
strata serve: prompt 31833 tokens = 31654 reused + 179 read in 1755 ms (102.0 tok/s), 1141 generated in 16025 ms (71.2 tok/s), drafts accepted 833 of 883, 6 checkpoints
strata serve: decode expert cache hit rate: 90.3% (501466 hits / 555166 lookups); 17474 more read by the GPU over PCIe or from another GPU (3.1% of all 572640 routed)
strata serve: resident RAM: 41.23 GiB of experts in RAM, 307950 exchanged with the VRAM tier, 196377 blob reads from the file
strata serve: expert tiers: GPU 501466 hits this request; since the start RAM 8006325 blobs, files 196377 blobs 3293235.3 MB read (the GGUF in place)
strata serve: file tier I/O this request: the OS read 28.1 MB from storage (42 major faults) for 1558.5 MB of expert reads
strata serve: KV streaming: 99.57% of 6030552 block reads hit VRAM, 103.6 MiB read from RAM
strata serve: suffix drafts: 24 windows, 100 of 107 drafts accepted
strata serve: prompt 32970 tokens = 31828 reused + 1142 read in 4503 ms (253.6 tok/s), 220 generated in 4608 ms (47.7 tok/s), drafts accepted 128 of 178, 6 checkpoints
strata serve: decode expert cache hit rate: 85.3% (106721 hits / 125060 lookups); 5500 more read by the GPU over PCIe or from another GPU (4.2% of all 130560 routed)
strata serve: resident RAM: 41.23 GiB of experts in RAM, 310141 exchanged with the VRAM tier, 197112 blob reads from the file
strata serve: expert tiers: GPU 106721 hits this request; since the start RAM 8042868 blobs, files 197112 blobs 3297851.3 MB read (the GGUF in place)
strata serve: file tier I/O this request: the OS read 303.3 MB from storage (662 major faults) for 4616.0 MB of expert reads
strata serve: KV streaming: 99.60% of 6597468 block reads hit VRAM, 106.0 MiB read from RAM
strata serve: suffix drafts: 2 windows, 2 of 6 drafts accepted
strata serve: prompt 32788 tokens = 0 reused + 32788 read in 23846 ms (1375.0 tok/s), 1473 generated in 23154 ms (63.6 tok/s), drafts accepted 869 of 1118, 3 checkpoints
strata serve: decode expert cache hit rate: 92.8% (753072 hits / 811272 lookups); 15288 more read by the GPU over PCIe or from another GPU (1.8% of all 826560 routed)
strata serve: resident RAM: 41.23 GiB of experts in RAM, 319813 exchanged with the VRAM tier, 199573 blob reads from the file
strata serve: expert tiers: GPU 753072 hits this request; since the start RAM 8187240 blobs, files 199573 blobs 3344228.7 MB read (the GGUF in place)
strata serve: file tier I/O this request: the OS read 746.3 MB from storage (1269 major faults) for 46377.4 MB of expert reads
strata serve: KV streaming: 99.34% of 3545176 block reads hit VRAM, 94.5 MiB read from RAM
strata serve: suffix drafts: 9 windows, 11 of 19 drafts accepted
strata serve: prompt 35807 tokens = 0 reused + 35807 read in 24166 ms (1481.7 tok/s), 2029 generated in 28628 ms (70.9 tok/s), drafts accepted 1326 of 1640, 3 checkpoints
strata serve: decode expert cache hit rate: 93.7% (1037185 hits / 1106492 lookups); 18148 more read by the GPU over PCIe or from another GPU (1.6% of all 1124640 routed)
strata serve: resident RAM: 41.23 GiB of experts in RAM, 331414 exchanged with the VRAM tier, 202034 blob reads from the file
strata serve: expert tiers: GPU 1037185 hits this request; since the start RAM 8348766 blobs, files 202034 blobs 3390606.0 MB read (the GGUF in place)
strata serve: file tier I/O this request: the OS read 677.6 MB from storage (1277 major faults) for 46377.4 MB of expert reads
strata serve: KV streaming: 99.46% of 4820760 block reads hit VRAM, 105.0 MiB read from RAM
strata serve: suffix drafts: 42 windows, 75 of 116 drafts accepted
strata serve: prompt 37888 tokens = 35802 reused + 2086 read in 4865 ms (428.7 tok/s), 633 generated in 9550 ms (66.3 tok/s), drafts accepted 387 of 475, 4 checkpoints
strata serve: decode expert cache hit rate: 92.0% (311210 hits / 338253 lookups); 7827 more read by the GPU over PCIe or from another GPU (2.3% of all 346080 routed)
strata serve: resident RAM: 41.23 GiB of experts in RAM, 334680 exchanged with the VRAM tier, 203024 blob reads from the file
strata serve: expert tiers: GPU 311210 hits this request; since the start RAM 8397554 blobs, files 203024 blobs 3396826.6 MB read (the GGUF in place)
strata serve: file tier I/O this request: the OS read 269.5 MB from storage (549 major faults) for 6220.6 MB of expert reads
strata serve: KV streaming: 99.56% of 6309916 block reads hit VRAM, 112.1 MiB read from RAM
strata serve: suffix drafts: 12 windows, 18 of 23 drafts accepted
strata serve: prompt 38010 tokens = 37883 reused + 127 read in 1659 ms (76.6 tok/s), 162 generated in 2666 ms (60.8 tok/s), drafts accepted 107 of 121, 5 checkpoints
strata serve: decode expert cache hit rate: 89.9% (75198 hits / 83632 lookups); 2768 more read by the GPU over PCIe or from another GPU (3.2% of all 86400 routed)
strata serve: resident RAM: 41.23 GiB of experts in RAM, 335772 exchanged with the VRAM tier, 203299 blob reads from the file
strata serve: expert tiers: GPU 75198 hits this request; since the start RAM 8413234 blobs, files 203299 blobs 3398260.2 MB read (the GGUF in place)
strata serve: file tier I/O this request: the OS read 40.1 MB from storage (55 major faults) for 1433.6 MB of expert reads
strata serve: KV streaming: 99.58% of 6687852 block reads hit VRAM, 113.1 MiB read from RAM
strata serve: suffix drafts: 3 windows, 15 of 15 drafts accepted
strata serve: prompt 38126 tokens = 38005 reused + 121 read in 1522 ms (79.5 tok/s), 1772 generated in 26574 ms (66.7 tok/s), drafts accepted 1270 of 1407, 6 checkpoints
strata serve: decode expert cache hit rate: 90.4% (806253 hits / 891402 lookups); 27318 more read by the GPU over PCIe or from another GPU (3.0% of all 918720 routed)
strata serve: resident RAM: 41.23 GiB of experts in RAM, 347539 exchanged with the VRAM tier, 203574 blob reads from the file
strata serve: expert tiers: GPU 806253 hits this request; since the start RAM 8530368 blobs, files 203574 blobs 3399692.2 MB read (the GGUF in place)
strata serve: file tier I/O this request: the OS read 16.3 MB from storage (36 major faults) for 1432.0 MB of expert reads
strata serve: KV streaming: 99.71% of 10627436 block reads hit VRAM, 123.7 MiB read from RAM
strata serve: suffix drafts: 54 windows, 164 of 179 drafts accepted
strata serve: prompt 39840 tokens = 38121 reused + 1719 read in 4667 ms (368.3 tok/s), 1805 generated in 28914 ms (62.4 tok/s), drafts accepted 1278 of 1416, 6 checkpoints
strata serve: decode expert cache hit rate: 88.9% (801193 hits / 901468 lookups); 33572 more read by the GPU over PCIe or from another GPU (3.6% of all 935040 routed)
strata serve: resident RAM: 41.23 GiB of experts in RAM, 360078 exchanged with the VRAM tier, 204434 blob reads from the file
strata serve: expert tiers: GPU 801193 hits this request; since the start RAM 8676381 blobs, files 204434 blobs 3405106.3 MB read (the GGUF in place)
strata serve: file tier I/O this request: the OS read 338.9 MB from storage (697 major faults) for 5414.1 MB of expert reads
strata serve: KV streaming: 99.77% of 14636840 block reads hit VRAM, 137.5 MiB read from RAM
strata serve: suffix drafts: 42 windows, 142 of 158 drafts accepted
strata serve: prompt 41524 tokens = 39835 reused + 1689 read in 4682 ms (360.7 tok/s), 2024 generated in 30114 ms (67.2 tok/s), drafts accepted 1507 of 1623, 6 checkpoints
strata serve: decode expert cache hit rate: 89.0% (881165 hits / 989647 lookups); 37553 more read by the GPU over PCIe or from another GPU (3.7% of all 1027200 routed)
strata serve: resident RAM: 41.23 GiB of experts in RAM, 372296 exchanged with the VRAM tier, 205294 blob reads from the file
strata serve: expert tiers: GPU 881165 hits this request; since the start RAM 8833074 blobs, files 205294 blobs 3410520.4 MB read (the GGUF in place)
strata serve: file tier I/O this request: the OS read 317.3 MB from storage (495 major faults) for 5414.1 MB of expert reads
strata serve: KV streaming: 99.80% of 19040616 block reads hit VRAM, 155.7 MiB read from RAM
strata serve: suffix drafts: 136 windows, 652 of 662 drafts accepted
strata serve: prompt 43459 tokens = 41519 reused + 1940 read in 4759 ms (407.6 tok/s), 1859 generated in 26393 ms (70.4 tok/s), drafts accepted 1459 of 1509, 6 checkpoints
strata serve: decode expert cache hit rate: 88.4% (778035 hits / 880282 lookups); 37958 more read by the GPU over PCIe or from another GPU (4.1% of all 918240 routed)
strata serve: resident RAM: 41.23 GiB of experts in RAM, 381983 exchanged with the VRAM tier, 206219 blob reads from the file
strata serve: expert tiers: GPU 778035 hits this request; since the start RAM 8982507 blobs, files 206219 blobs 3416339.6 MB read (the GGUF in place)
strata serve: file tier I/O this request: the OS read 233.3 MB from storage (444 major faults) for 5819.2 MB of expert reads
strata serve: KV streaming: 99.79% of 22978140 block reads hit VRAM, 197.1 MiB read from RAM
strata serve: suffix drafts: 188 windows, 911 of 935 drafts accepted
strata serve: prompt 45341 tokens = 43454 reused + 1887 read in 4699 ms (401.6 tok/s), 941 generated in 15774 ms (59.7 tok/s), drafts accepted 615 of 705, 6 checkpoints
strata serve: decode expert cache hit rate: 88.0% (420154 hits / 477204 lookups); 18156 more read by the GPU over PCIe or from another GPU (3.7% of all 495360 routed)
strata serve: resident RAM: 41.23 GiB of experts in RAM, 388720 exchanged with the VRAM tier, 207144 blob reads from the file
strata serve: expert tiers: GPU 420154 hits this request; since the start RAM 9068824 blobs, files 207144 blobs 3422158.7 MB read (the GGUF in place)
strata serve: file tier I/O this request: the OS read 356.0 MB from storage (528 major faults) for 5819.2 MB of expert reads
strata serve: KV streaming: 99.78% of 25106056 block reads hit VRAM, 221.4 MiB read from RAM
strata serve: suffix drafts: 20 windows, 55 of 64 drafts accepted
strata serve: prompt 45618 tokens = 45336 reused + 282 read in 2417 ms (116.7 tok/s), 1866 generated in 27829 ms (67.1 tok/s), drafts accepted 1323 of 1472, 6 checkpoints
strata serve: decode expert cache hit rate: 90.3% (848175 hits / 938850 lookups); 28830 more read by the GPU over PCIe or from another GPU (3.0% of all 967680 routed)
strata serve: resident RAM: 41.23 GiB of experts in RAM, 401088 exchanged with the VRAM tier, 207465 blob reads from the file
strata serve: expert tiers: GPU 848175 hits this request; since the start RAM 9194635 blobs, files 207465 blobs 3424059.3 MB read (the GGUF in place)
strata serve: file tier I/O this request: the OS read 114.9 MB from storage (147 major faults) for 1900.5 MB of expert reads
strata serve: KV streaming: 99.78% of 29255148 block reads hit VRAM, 256.2 MiB read from RAM
strata serve: suffix drafts: 50 windows, 137 of 162 drafts accepted
strata serve: prompt 47454 tokens = 45613 reused + 1841 read in 4761 ms (386.7 tok/s), 1992 generated in 31021 ms (64.2 tok/s), drafts accepted 1479 of 1626, 6 checkpoints
strata serve: decode expert cache hit rate: 87.7% (863460 hits / 984085 lookups); 42635 more read by the GPU over PCIe or from another GPU (4.2% of all 1026720 routed)
strata serve: resident RAM: 41.23 GiB of experts in RAM, 413285 exchanged with the VRAM tier, 208390 blob reads from the file
strata serve: expert tiers: GPU 863460 hits this request; since the start RAM 9365993 blobs, files 208390 blobs 3429878.5 MB read (the GGUF in place)
strata serve: file tier I/O this request: the OS read 347.0 MB from storage (559 major faults) for 5819.2 MB of expert reads
strata serve: KV streaming: 99.77% of 33656904 block reads hit VRAM, 305.8 MiB read from RAM
strata serve: suffix drafts: 166 windows, 756 of 800 drafts accepted
strata serve: prompt 49275 tokens = 47449 reused + 1826 read in 4733 ms (385.8 tok/s), 1040 generated in 18158 ms (57.3 tok/s), drafts accepted 670 of 766, 6 checkpoints
strata serve: decode expert cache hit rate: 87.8% (461587 hits / 525680 lookups); 20080 more read by the GPU over PCIe or from another GPU (3.7% of all 545760 routed)
strata serve: resident RAM: 41.23 GiB of experts in RAM, 421329 exchanged with the VRAM tier, 209315 blob reads from the file
strata serve: expert tiers: GPU 461587 hits this request; since the start RAM 9461272 blobs, files 209315 blobs 3435697.7 MB read (the GGUF in place)
strata serve: file tier I/O this request: the OS read 381.8 MB from storage (572 major faults) for 5819.2 MB of expert reads
strata serve: KV streaming: 99.76% of 36000516 block reads hit VRAM, 349.3 MiB read from RAM
strata serve: suffix drafts: 28 windows, 110 of 126 drafts accepted
strata serve: prompt 49506 tokens = 49270 reused + 236 read in 2168 ms (108.9 tok/s), 2019 generated in 29421 ms (68.6 tok/s), drafts accepted 1540 of 1662, 6 checkpoints
strata serve: decode expert cache hit rate: 88.7% (877431 hits / 989383 lookups); 40217 more read by the GPU over PCIe or from another GPU (3.9% of all 1029600 routed)
strata serve: resident RAM: 41.23 GiB of experts in RAM, 432398 exchanged with the VRAM tier, 209590 blob reads from the file
strata serve: expert tiers: GPU 877431 hits this request; since the start RAM 9614446 blobs, files 209590 blobs 3437368.8 MB read (the GGUF in place)
strata serve: file tier I/O this request: the OS read 53.8 MB from storage (78 major faults) for 1671.2 MB of expert reads
strata serve: KV streaming: 99.75% of 40414572 block reads hit VRAM, 408.9 MiB read from RAM
strata serve: suffix drafts: 197 windows, 898 of 925 drafts accepted
strata serve: prompt 51399 tokens = 49501 reused + 1898 read in 4720 ms (402.1 tok/s), 371 generated in 7508 ms (49.4 tok/s), drafts accepted 247 of 290, 6 checkpoints
strata serve: decode expert cache hit rate: 82.2% (154093 hits / 187478 lookups); 11722 more read by the GPU over PCIe or from another GPU (5.9% of all 199200 routed)
strata serve: resident RAM: 41.23 GiB of experts in RAM, 435374 exchanged with the VRAM tier, 210515 blob reads from the file
strata serve: expert tiers: GPU 154093 hits this request; since the start RAM 9670381 blobs, files 210515 blobs 3443188.0 MB read (the GGUF in place)
strata serve: file tier I/O this request: the OS read 354.4 MB from storage (614 major faults) for 5819.2 MB of expert reads
strata serve: KV streaming: 99.74% of 41275188 block reads hit VRAM, 435.3 MiB read from RAM
strata serve: suffix drafts: 21 windows, 101 of 105 drafts accepted
strata serve: prompt 51638 tokens = 51394 reused + 244 read in 2134 ms (114.4 tok/s), 1830 generated in 25393 ms (72.1 tok/s), drafts accepted 1435 of 1499, 6 checkpoints
strata serve: decode expert cache hit rate: 89.1% (781016 hits / 876321 lookups); 34719 more read by the GPU over PCIe or from another GPU (3.8% of all 911040 routed)
strata serve: resident RAM: 41.23 GiB of experts in RAM, 444920 exchanged with the VRAM tier, 210790 blob reads from the file
strata serve: expert tiers: GPU 781016 hits this request; since the start RAM 9803371 blobs, files 210790 blobs 3444869.8 MB read (the GGUF in place)
strata serve: file tier I/O this request: the OS read 39.2 MB from storage (59 major faults) for 1681.8 MB of expert reads
strata serve: KV streaming: 99.72% of 45181880 block reads hit VRAM, 513.3 MiB read from RAM
strata serve: suffix drafts: 187 windows, 893 of 925 drafts accepted
strata serve: prompt 53519 tokens = 51633 reused + 1886 read in 4780 ms (394.5 tok/s), 433 generated in 7116 ms (60.8 tok/s), drafts accepted 322 of 385, 6 checkpoints
strata serve: decode expert cache hit rate: 85.5% (194592 hits / 227572 lookups); 10988 more read by the GPU over PCIe or from another GPU (4.6% of all 238560 routed)
strata serve: resident RAM: 41.23 GiB of experts in RAM, 447608 exchanged with the VRAM tier, 211715 blob reads from the file
strata serve: expert tiers: GPU 194592 hits this request; since the start RAM 9856199 blobs, files 211715 blobs 3450689.0 MB read (the GGUF in place)
strata serve: file tier I/O this request: the OS read 332.1 MB from storage (553 major faults) for 5819.2 MB of expert reads
strata serve: KV streaming: 99.71% of 46210932 block reads hit VRAM, 545.8 MiB read from RAM
strata serve: suffix drafts: 45 windows, 204 of 225 drafts accepted
strata serve: prompt 53975 tokens = 53514 reused + 461 read in 2704 ms (170.5 tok/s), 1549 generated in 25885 ms (59.8 tok/s), drafts accepted 1041 of 1166, 6 checkpoints
strata serve: decode expert cache hit rate: 87.8% (679748 hits / 774034 lookups); 30446 more read by the GPU over PCIe or from another GPU (3.8% of all 804480 routed)
strata serve: resident RAM: 41.23 GiB of experts in RAM, 458882 exchanged with the VRAM tier, 212036 blob reads from the file
strata serve: expert tiers: GPU 679748 hits this request; since the start RAM 9984730 blobs, files 212036 blobs 3452690.3 MB read (the GGUF in place)
strata serve: file tier I/O this request: the OS read 84.2 MB from storage (68 major faults) for 2001.3 MB of expert reads
strata serve: KV streaming: 99.66% of 49661676 block reads hit VRAM, 675.5 MiB read from RAM
strata serve: suffix drafts: 25 windows, 82 of 110 drafts accepted
strata serve: prompt 55317 tokens = 53970 reused + 1347 read in 4587 ms (293.6 tok/s), 123 generated in 2994 ms (41.1 tok/s), drafts accepted 69 of 83, 6 checkpoints
strata serve: decode expert cache hit rate: 78.2% (47871 hits / 61193 lookups); 4567 more read by the GPU over PCIe or from another GPU (6.9% of all 65760 routed)
strata serve: resident RAM: 41.23 GiB of experts in RAM, 460226 exchanged with the VRAM tier, 212836 blob reads from the file
strata serve: expert tiers: GPU 47871 hits this request; since the start RAM 10016127 blobs, files 212836 blobs 3457706.7 MB read (the GGUF in place)
strata serve: file tier I/O this request: the OS read 278.5 MB from storage (483 major faults) for 5016.4 MB of expert reads
strata serve: KV streaming: 99.66% of 49951296 block reads hit VRAM, 688.8 MiB read from RAM
strata serve: suffix drafts: 7 windows, 29 of 35 drafts accepted
strata serve: prompt 55406 tokens = 55312 reused + 94 read in 1289 ms (72.9 tok/s), 372 generated in 7842 ms (47.4 tok/s), drafts accepted 188 of 299, 6 checkpoints
strata serve: decode expert cache hit rate: 89.1% (200560 hits / 225104 lookups); 6736 more read by the GPU over PCIe or from another GPU (2.9% of all 231840 routed)
strata serve: resident RAM: 41.23 GiB of experts in RAM, 464071 exchanged with the VRAM tier, 213111 blob reads from the file
strata serve: expert tiers: GPU 200560 hits this request; since the start RAM 10050510 blobs, files 213111 blobs 3459028.4 MB read (the GGUF in place)
strata serve: file tier I/O this request: the OS read 34.2 MB from storage (16 major faults) for 1321.7 MB of expert reads
strata serve: KV streaming: 99.65% of 50951568 block reads hit VRAM, 719.4 MiB read from RAM
strata serve: suffix drafts: 6 windows, 12 of 19 drafts accepted
strata serve: prompt 56022 tokens = 0 reused + 56022 read in 35505 ms (1577.8 tok/s), 1545 generated in 23964 ms (64.5 tok/s), drafts accepted 960 of 1195, 5 checkpoints
strata serve: decode expert cache hit rate: 92.6% (776548 hits / 838381 lookups); 16979 more read by the GPU over PCIe or from another GPU (2.0% of all 855360 routed)
strata serve: resident RAM: 41.23 GiB of experts in RAM, 474090 exchanged with the VRAM tier, 215572 blob reads from the file
strata serve: expert tiers: GPU 776548 hits this request; since the start RAM 10241926 blobs, files 215572 blobs 3528594.4 MB read (the GGUF in place)
strata serve: file tier I/O this request: the OS read 931.0 MB from storage (1232 major faults) for 69566.1 MB of expert reads
strata serve: KV streaming: 99.05% of 3668428 block reads hit VRAM, 140.2 MiB read from RAM
strata serve: suffix drafts: 19 windows, 31 of 47 drafts accepted
strata serve: prompt 58935 tokens = 0 reused + 58935 read in 35486 ms (1660.8 tok/s), 1208 generated in 18782 ms (64.3 tok/s), drafts accepted 866 of 982, 5 checkpoints
strata serve: decode expert cache hit rate: 89.7% (552792 hits / 616275 lookups); 20685 more read by the GPU over PCIe or from another GPU (3.2% of all 636960 routed)
strata serve: resident RAM: 41.23 GiB of experts in RAM, 482133 exchanged with the VRAM tier, 218033 blob reads from the file
strata serve: expert tiers: GPU 552792 hits this request; since the start RAM 10436179 blobs, files 218033 blobs 3598160.5 MB read (the GGUF in place)
strata serve: file tier I/O this request: the OS read 448.9 MB from storage (849 major faults) for 69566.1 MB of expert reads
strata serve: KV streaming: 98.78% of 2733884 block reads hit VRAM, 133.9 MiB read from RAM
strata serve: suffix drafts: 130 windows, 512 of 536 drafts accepted
strata serve: prompt 60029 tokens = 58930 reused + 1099 read in 4481 ms (245.3 tok/s), 1850 generated in 26761 ms (69.1 tok/s), drafts accepted 1234 of 1476, 6 checkpoints
strata serve: decode expert cache hit rate: 92.4% (909060 hits / 984188 lookups); 20932 more read by the GPU over PCIe or from another GPU (2.1% of all 1005120 routed)
strata serve: resident RAM: 41.23 GiB of experts in RAM, 493059 exchanged with the VRAM tier, 218768 blob reads from the file
strata serve: expert tiers: GPU 909060 hits this request; since the start RAM 10546123 blobs, files 218768 blobs 3602776.5 MB read (the GGUF in place)
strata serve: file tier I/O this request: the OS read 145.7 MB from storage (208 major faults) for 4616.0 MB of expert reads
strata serve: KV streaming: 99.10% of 7043164 block reads hit VRAM, 255.1 MiB read from RAM
strata serve: suffix drafts: 18 windows, 47 of 66 drafts accepted
strata serve: prompt 61802 tokens = 60024 reused + 1778 read in 4661 ms (381.4 tok/s), 453 generated in 8177 ms (55.4 tok/s), drafts accepted 244 of 349, 6 checkpoints
strata serve: decode expert cache hit rate: 92.0% (242506 hits / 263669 lookups); 5131 more read by the GPU over PCIe or from another GPU (1.9% of all 268800 routed)
strata serve: resident RAM: 41.23 GiB of experts in RAM, 496794 exchanged with the VRAM tier, 219628 blob reads from the file
strata serve: expert tiers: GPU 242506 hits this request; since the start RAM 10587414 blobs, files 219628 blobs 3608190.6 MB read (the GGUF in place)
strata serve: file tier I/O this request: the OS read 116.3 MB from storage (231 major faults) for 5414.1 MB of expert reads
strata serve: KV streaming: 99.11% of 8201608 block reads hit VRAM, 293.2 MiB read from RAM
strata serve: suffix drafts: 13 windows, 29 of 32 drafts accepted
strata serve: prompt 62438 tokens = 0 reused + 62438 read in 39224 ms (1591.8 tok/s), 1111 generated in 16834 ms (66.0 tok/s), drafts accepted 677 of 876, 5 checkpoints
strata serve: decode expert cache hit rate: 93.6% (578521 hits / 618341 lookups); 10459 more read by the GPU over PCIe or from another GPU (1.7% of all 628800 routed)
strata serve: resident RAM: 41.23 GiB of experts in RAM, 503574 exchanged with the VRAM tier, 222089 blob reads from the file
strata serve: expert tiers: GPU 578521 hits this request; since the start RAM 10766039 blobs, files 222089 blobs 3685486.2 MB read (the GGUF in place)
strata serve: file tier I/O this request: the OS read 431.4 MB from storage (634 major faults) for 77295.6 MB of expert reads
strata serve: KV streaming: 98.73% of 2698964 block reads hit VRAM, 138.4 MiB read from RAM
strata serve: suffix drafts: 11 windows, 15 of 29 drafts accepted
strata serve: prompt 65260 tokens = 0 reused + 65260 read in 39377 ms (1657.3 tok/s), 225 generated in 4444 ms (50.6 tok/s), drafts accepted 134 of 175, 5 checkpoints
strata serve: decode expert cache hit rate: 88.9% (110151 hits / 123882 lookups); 4278 more read by the GPU over PCIe or from another GPU (3.3% of all 128160 routed)
strata serve: resident RAM: 41.23 GiB of experts in RAM, 505720 exchanged with the VRAM tier, 224550 blob reads from the file
strata serve: expert tiers: GPU 110151 hits this request; since the start RAM 10911674 blobs, files 224550 blobs 3762781.8 MB read (the GGUF in place)
strata serve: file tier I/O this request: the OS read 288.0 MB from storage (614 major faults) for 77295.6 MB of expert reads
strata serve: KV streaming: 95.81% of 556628 block reads hit VRAM, 94.0 MiB read from RAM
strata serve: suffix drafts: 17 windows, 33 of 37 drafts accepted
strata serve: prompt 65418 tokens = 65255 reused + 163 read in 1698 ms (96.0 tok/s), 1239 generated in 17776 ms (69.7 tok/s), drafts accepted 805 of 1028, 6 checkpoints
strata serve: decode expert cache hit rate: 93.7% (647004 hits / 690727 lookups); 11513 more read by the GPU over PCIe or from another GPU (1.6% of all 702240 routed)
strata serve: resident RAM: 41.23 GiB of experts in RAM, 512952 exchanged with the VRAM tier, 224825 blob reads from the file
strata serve: expert tiers: GPU 647004 hits this request; since the start RAM 10972136 blobs, files 224825 blobs 3764385.8 MB read (the GGUF in place)
strata serve: file tier I/O this request: the OS read 65.9 MB from storage (66 major faults) for 1604.0 MB of expert reads
strata serve: KV streaming: 98.48% of 3569860 block reads hit VRAM, 218.5 MiB read from RAM
strata serve: suffix drafts: 18 windows, 35 of 55 drafts accepted
strata serve: prompt 66804 tokens = 65413 reused + 1391 read in 4601 ms (302.3 tok/s), 1378 generated in 20934 ms (65.8 tok/s), drafts accepted 993 of 1118, 6 checkpoints
strata serve: decode expert cache hit rate: 89.8% (627576 hits / 699240 lookups); 23640 more read by the GPU over PCIe or from another GPU (3.3% of all 722880 routed)
strata serve: resident RAM: 41.23 GiB of experts in RAM, 521486 exchanged with the VRAM tier, 225625 blob reads from the file
strata serve: expert tiers: GPU 627576 hits this request; since the start RAM 11079758 blobs, files 225625 blobs 3769402.2 MB read (the GGUF in place)
strata serve: file tier I/O this request: the OS read 112.9 MB from storage (162 major faults) for 5016.4 MB of expert reads
strata serve: KV streaming: 98.84% of 6671392 block reads hit VRAM, 311.0 MiB read from RAM
strata serve: suffix drafts: 125 windows, 427 of 447 drafts accepted
strata serve: prompt 68894 tokens = 66799 reused + 2095 read in 4820 ms (434.7 tok/s), 1368 generated in 19325 ms (70.8 tok/s), drafts accepted 1047 of 1134, 6 checkpoints
strata serve: decode expert cache hit rate: 89.6% (605507 hits / 675583 lookups); 24257 more read by the GPU over PCIe or from another GPU (3.5% of all 699840 routed)
strata serve: resident RAM: 41.23 GiB of experts in RAM, 528980 exchanged with the VRAM tier, 226615 blob reads from the file
strata serve: expert tiers: GPU 605507 hits this request; since the start RAM 11184722 blobs, files 226615 blobs 3775622.8 MB read (the GGUF in place)
strata serve: file tier I/O this request: the OS read 151.1 MB from storage (268 major faults) for 6220.6 MB of expert reads
strata serve: KV streaming: 98.96% of 9674332 block reads hit VRAM, 407.2 MiB read from RAM
strata serve: suffix drafts: 171 windows, 781 of 810 drafts accepted
strata serve: prompt 70176 tokens = 68889 reused + 1287 read in 4611 ms (279.1 tok/s), 1189 generated in 20265 ms (58.7 tok/s), drafts accepted 802 of 958, 6 checkpoints
strata serve: decode expert cache hit rate: 88.1% (549318 hits / 623268 lookups); 23292 more read by the GPU over PCIe or from another GPU (3.6% of all 646560 routed)
strata serve: resident RAM: 41.23 GiB of experts in RAM, 537972 exchanged with the VRAM tier, 227415 blob reads from the file
strata serve: expert tiers: GPU 549318 hits this request; since the start RAM 11292156 blobs, files 227415 blobs 3780639.1 MB read (the GGUF in place)
strata serve: file tier I/O this request: the OS read 175.7 MB from storage (229 major faults) for 5016.4 MB of expert reads
strata serve: KV streaming: 98.92% of 12449284 block reads hit VRAM, 542.0 MiB read from RAM
strata serve: suffix drafts: 30 windows, 93 of 126 drafts accepted
strata serve: prompt 71244 tokens = 70171 reused + 1073 read in 4523 ms (237.2 tok/s), 132 generated in 2803 ms (47.1 tok/s), drafts accepted 88 of 104, 6 checkpoints
strata serve: decode expert cache hit rate: 79.0% (52157 hits / 66026 lookups); 5014 more read by the GPU over PCIe or from another GPU (7.1% of all 71040 routed)
strata serve: resident RAM: 41.23 GiB of experts in RAM, 539028 exchanged with the VRAM tier, 228150 blob reads from the file
strata serve: expert tiers: GPU 52157 hits this request; since the start RAM 11323520 blobs, files 228150 blobs 3785255.1 MB read (the GGUF in place)
strata serve: file tier I/O this request: the OS read 132.2 MB from storage (294 major faults) for 4616.0 MB of expert reads
strata serve: KV streaming: 98.91% of 12761492 block reads hit VRAM, 560.0 MiB read from RAM
strata serve: suffix drafts: 7 windows, 31 of 35 drafts accepted
strata serve: prompt 71348 tokens = 71239 reused + 109 read in 1523 ms (71.6 tok/s), 431 generated in 7447 ms (57.9 tok/s), drafts accepted 255 of 342, 6 checkpoints
strata serve: decode expert cache hit rate: 91.2% (222442 hits / 243951 lookups); 5649 more read by the GPU over PCIe or from another GPU (2.3% of all 249600 routed)
strata serve: resident RAM: 41.23 GiB of experts in RAM, 542575 exchanged with the VRAM tier, 228425 blob reads from the file
strata serve: expert tiers: GPU 222442 hits this request; since the start RAM 11354707 blobs, files 228425 blobs 3786636.1 MB read (the GGUF in place)
strata serve: file tier I/O this request: the OS read 30.1 MB from storage (20 major faults) for 1381.0 MB of expert reads
strata serve: KV streaming: 98.92% of 13837772 block reads hit VRAM, 600.8 MiB read from RAM
strata serve: suffix drafts: 2 windows, 2 of 6 drafts accepted
strata serve: prompt 71789 tokens = 0 reused + 71789 read in 43121 ms (1664.8 tok/s), 2001 generated in 31564 ms (63.4 tok/s), drafts accepted 1249 of 1541, 6 checkpoints
strata serve: decode expert cache hit rate: 92.1% (992498 hits / 1077901 lookups); 23219 more read by the GPU over PCIe or from another GPU (2.1% of all 1101120 routed)
strata serve: resident RAM: 41.23 GiB of experts in RAM, 556266 exchanged with the VRAM tier, 230886 blob reads from the file
strata serve: expert tiers: GPU 992498 hits this request; since the start RAM 11604392 blobs, files 230886 blobs 3871661.3 MB read (the GGUF in place)
strata serve: file tier I/O this request: the OS read 508.9 MB from storage (546 major faults) for 85025.2 MB of expert reads
strata serve: KV streaming: 98.76% of 4720052 block reads hit VRAM, 236.0 MiB read from RAM
strata serve: suffix drafts: 8 windows, 18 of 24 drafts accepted
strata serve: prompt 75257 tokens = 0 reused + 75257 read in 43519 ms (1729.3 tok/s), 444 generated in 7659 ms (58.0 tok/s), drafts accepted 302 of 346, 6 checkpoints
strata serve: decode expert cache hit rate: 88.3% (199676 hits / 226065 lookups); 8655 more read by the GPU over PCIe or from another GPU (3.7% of all 234720 routed)
strata serve: resident RAM: 41.23 GiB of experts in RAM, 559663 exchanged with the VRAM tier, 233347 blob reads from the file
strata serve: expert tiers: GPU 199676 hits this request; since the start RAM 11780468 blobs, files 233347 blobs 3956686.4 MB read (the GGUF in place)
strata serve: file tier I/O this request: the OS read 387.6 MB from storage (731 major faults) for 85025.2 MB of expert reads
strata serve: KV streaming: 96.82% of 1012616 block reads hit VRAM, 129.9 MiB read from RAM
strata serve: suffix drafts: 19 windows, 88 of 89 drafts accepted
strata serve: prompt 75657 tokens = 75252 reused + 405 read in 2624 ms (154.4 tok/s), 144 generated in 2768 ms (52.0 tok/s), drafts accepted 96 of 109, 6 checkpoints
strata serve: decode expert cache hit rate: 85.3% (62072 hits / 72787 lookups); 3533 more read by the GPU over PCIe or from another GPU (4.6% of all 76320 routed)
strata serve: resident RAM: 41.23 GiB of experts in RAM, 560815 exchanged with the VRAM tier, 233668 blob reads from the file
strata serve: expert tiers: GPU 62072 hits this request; since the start RAM 11801903 blobs, files 233668 blobs 3958687.7 MB read (the GGUF in place)
strata serve: file tier I/O this request: the OS read 31.2 MB from storage (47 major faults) for 2001.3 MB of expert reads
strata serve: KV streaming: 97.25% of 1347416 block reads hit VRAM, 149.0 MiB read from RAM
strata serve: suffix drafts: 2 windows, 6 of 10 drafts accepted
strata serve: prompt 75802 tokens = 75652 reused + 150 read in 1769 ms (84.8 tok/s), 94 generated in 1477 ms (63.7 tok/s), drafts accepted 66 of 69, 6 checkpoints
strata serve: decode expert cache hit rate: 88.6% (39696 hits / 44793 lookups); 1767 more read by the GPU over PCIe or from another GPU (3.8% of all 46560 routed)
strata serve: resident RAM: 41.23 GiB of experts in RAM, 561487 exchanged with the VRAM tier, 233943 blob reads from the file
strata serve: expert tiers: GPU 39696 hits this request; since the start RAM 11813993 blobs, files 233943 blobs 3960246.7 MB read (the GGUF in place)
strata serve: file tier I/O this request: the OS read 7.1 MB from storage (33 major faults) for 1558.9 MB of expert reads
strata serve: KV streaming: 97.53% of 1554864 block reads hit VRAM, 154.5 MiB read from RAM
strata serve: suffix drafts: 1 windows, 3 of 3 drafts accepted
strata serve: prompt 75909 tokens = 75797 reused + 112 read in 1497 ms (74.8 tok/s), 2584 generated in 35936 ms (71.9 tok/s), drafts accepted 1798 of 2051, 6 checkpoints
strata serve: decode expert cache hit rate: 92.4% (1232479 hits / 1333842 lookups); 28878 more read by the GPU over PCIe or from another GPU (2.1% of all 1362720 routed)
strata serve: resident RAM: 41.23 GiB of experts in RAM, 576737 exchanged with the VRAM tier, 234218 blob reads from the file
strata serve: expert tiers: GPU 1232479 hits this request; since the start RAM 11948524 blobs, files 234218 blobs 3961763.8 MB read (the GGUF in place)
strata serve: file tier I/O this request: the OS read 54.2 MB from storage (12 major faults) for 1517.2 MB of expert reads
strata serve: KV streaming: 98.66% of 7394412 block reads hit VRAM, 400.1 MiB read from RAM
strata serve: suffix drafts: 32 windows, 76 of 107 drafts accepted
strata serve: prompt 78493 tokens = 75904 reused + 2589 read in 5006 ms (517.2 tok/s), 1816 generated in 26772 ms (67.8 tok/s), drafts accepted 1332 of 1415, 6 checkpoints
strata serve: decode expert cache hit rate: 89.4% (787908 hits / 881768 lookups); 30712 more read by the GPU over PCIe or from another GPU (3.4% of all 912480 routed)
strata serve: resident RAM: 41.23 GiB of experts in RAM, 588192 exchanged with the VRAM tier, 235336 blob reads from the file
strata serve: expert tiers: GPU 787908 hits this request; since the start RAM 12084223 blobs, files 235336 blobs 3968791.1 MB read (the GGUF in place)
strata serve: file tier I/O this request: the OS read 213.7 MB from storage (402 major faults) for 7027.3 MB of expert reads
strata serve: KV streaming: 98.71% of 11307268 block reads hit VRAM, 586.3 MiB read from RAM
strata serve: suffix drafts: 33 windows, 111 of 143 drafts accepted
strata serve: prompt 80313 tokens = 78488 reused + 1825 read in 4746 ms (384.5 tok/s), 161 generated in 4170 ms (38.6 tok/s), drafts accepted 99 of 132, 6 checkpoints
strata serve: decode expert cache hit rate: 74.1% (63777 hits / 86071 lookups); 8009 more read by the GPU over PCIe or from another GPU (8.5% of all 94080 routed)
strata serve: resident RAM: 41.23 GiB of experts in RAM, 589728 exchanged with the VRAM tier, 236261 blob reads from the file
strata serve: expert tiers: GPU 63777 hits this request; since the start RAM 12125293 blobs, files 236261 blobs 3974610.3 MB read (the GGUF in place)
strata serve: file tier I/O this request: the OS read 169.1 MB from storage (241 major faults) for 5819.2 MB of expert reads
strata serve: KV streaming: 98.70% of 11718072 block reads hit VRAM, 611.5 MiB read from RAM
strata serve: suffix drafts: 6 windows, 23 of 30 drafts accepted
strata serve: prompt 80434 tokens = 80308 reused + 126 read in 1611 ms (78.2 tok/s), 515 generated in 9779 ms (52.7 tok/s), drafts accepted 306 of 401, 6 checkpoints
strata serve: decode expert cache hit rate: 88.0% (249938 hits / 284022 lookups); 9738 more read by the GPU over PCIe or from another GPU (3.3% of all 293760 routed)
strata serve: resident RAM: 41.23 GiB of experts in RAM, 594342 exchanged with the VRAM tier, 236536 blob reads from the file
strata serve: expert tiers: GPU 249938 hits this request; since the start RAM 12171353 blobs, files 236536 blobs 3976069.6 MB read (the GGUF in place)
strata serve: file tier I/O this request: the OS read 26.7 MB from storage (32 major faults) for 1459.3 MB of expert reads
strata serve: KV streaming: 98.67% of 12983320 block reads hit VRAM, 694.5 MiB read from RAM
strata serve: suffix drafts: 5 windows, 8 of 19 drafts accepted
strata serve: prompt 81869 tokens = 0 reused + 81869 read in 47197 ms (1734.6 tok/s), 976 generated in 15273 ms (63.9 tok/s), drafts accepted 615 of 753, 6 checkpoints
strata serve: decode expert cache hit rate: 92.6% (485851 hits / 524498 lookups); 10222 more read by the GPU over PCIe or from another GPU (1.9% of all 534720 routed)
strata serve: resident RAM: 41.23 GiB of experts in RAM, 601081 exchanged with the VRAM tier, 238997 blob reads from the file
strata serve: expert tiers: GPU 485851 hits this request; since the start RAM 12377023 blobs, files 238997 blobs 4068824.4 MB read (the GGUF in place)
strata serve: file tier I/O this request: the OS read 470.8 MB from storage (532 major faults) for 92754.7 MB of expert reads
strata serve: KV streaming: 98.02% of 2296372 block reads hit VRAM, 183.2 MiB read from RAM
strata serve: suffix drafts: 11 windows, 17 of 25 drafts accepted
strata serve: prompt 83976 tokens = 0 reused + 83976 read in 47449 ms (1769.8 tok/s), 1274 generated in 18679 ms (68.2 tok/s), drafts accepted 837 of 1059, 6 checkpoints
strata serve: decode expert cache hit rate: 93.5% (661830 hits / 707485 lookups); 12035 more read by the GPU over PCIe or from another GPU (1.7% of all 719520 routed)
strata serve: resident RAM: 41.23 GiB of experts in RAM, 608840 exchanged with the VRAM tier, 241458 blob reads from the file
strata serve: expert tiers: GPU 661830 hits this request; since the start RAM 12592183 blobs, files 241458 blobs 4161579.1 MB read (the GGUF in place)
strata serve: file tier I/O this request: the OS read 296.5 MB from storage (521 major faults) for 92754.7 MB of expert reads
strata serve: KV streaming: 97.87% of 3087176 block reads hit VRAM, 264.6 MiB read from RAM
strata serve: suffix drafts: 11 windows, 32 of 41 drafts accepted
strata serve: prompt 85288 tokens = 83971 reused + 1317 read in 4616 ms (285.3 tok/s), 1138 generated in 16604 ms (68.5 tok/s), drafts accepted 848 of 968, 6 checkpoints
strata serve: decode expert cache hit rate: 90.2% (528790 hits / 586048 lookups); 18752 more read by the GPU over PCIe or from another GPU (3.1% of all 604800 routed)
strata serve: resident RAM: 41.23 GiB of experts in RAM, 615631 exchanged with the VRAM tier, 242258 blob reads from the file
strata serve: expert tiers: GPU 528790 hits this request; since the start RAM 12680544 blobs, files 242258 blobs 4166595.5 MB read (the GGUF in place)
strata serve: file tier I/O this request: the OS read 80.5 MB from storage (118 major faults) for 5016.4 MB of expert reads
strata serve: KV streaming: 98.26% of 5683428 block reads hit VRAM, 399.3 MiB read from RAM
strata serve: suffix drafts: 90 windows, 369 of 423 drafts accepted
strata serve: prompt 86440 tokens = 85283 reused + 1157 read in 4549 ms (254.3 tok/s), 487 generated in 8138 ms (59.8 tok/s), drafts accepted 316 of 370, 6 checkpoints
strata serve: decode expert cache hit rate: 88.8% (223498 hits / 251775 lookups); 8865 more read by the GPU over PCIe or from another GPU (3.4% of all 260640 routed)
strata serve: resident RAM: 41.23 GiB of experts in RAM, 619053 exchanged with the VRAM tier, 242993 blob reads from the file
strata serve: expert tiers: GPU 223498 hits this request; since the start RAM 12730580 blobs, files 242993 blobs 4171211.5 MB read (the GGUF in place)
strata serve: file tier I/O this request: the OS read 102.2 MB from storage (164 major faults) for 4616.0 MB of expert reads
strata serve: KV streaming: 98.31% of 6806960 block reads hit VRAM, 464.2 MiB read from RAM
strata serve: suffix drafts: 10 windows, 25 of 40 drafts accepted
strata serve: prompt 86598 tokens = 86435 reused + 163 read in 1663 ms (98.0 tok/s), 1148 generated in 16640 ms (69.0 tok/s), drafts accepted 892 of 952, 6 checkpoints
strata serve: decode expert cache hit rate: 88.3% (491858 hits / 557214 lookups); 23586 more read by the GPU over PCIe or from another GPU (4.1% of all 580800 routed)
strata serve: resident RAM: 41.23 GiB of experts in RAM, 625290 exchanged with the VRAM tier, 243268 blob reads from the file
strata serve: expert tiers: GPU 491858 hits this request; since the start RAM 12820228 blobs, files 243268 blobs 4172787.5 MB read (the GGUF in place)
strata serve: file tier I/O this request: the OS read 18.1 MB from storage (26 major faults) for 1576.0 MB of expert reads
strata serve: KV streaming: 98.47% of 9300524 block reads hit VRAM, 575.0 MiB read from RAM
strata serve: suffix drafts: 143 windows, 679 of 685 drafts accepted
strata serve: prompt 87767 tokens = 86593 reused + 1174 read in 4573 ms (256.7 tok/s), 1218 generated in 19421 ms (62.7 tok/s), drafts accepted 863 of 965, 6 checkpoints
strata serve: decode expert cache hit rate: 88.3% (539743 hits / 611457 lookups); 23103 more read by the GPU over PCIe or from another GPU (3.6% of all 634560 routed)
strata serve: resident RAM: 41.23 GiB of experts in RAM, 633653 exchanged with the VRAM tier, 244003 blob reads from the file
strata serve: expert tiers: GPU 539743 hits this request; since the start RAM 12925228 blobs, files 244003 blobs 4177403.5 MB read (the GGUF in place)
strata serve: file tier I/O this request: the OS read 154.3 MB from storage (248 major faults) for 4616.0 MB of expert reads
strata serve: KV streaming: 98.42% of 12024132 block reads hit VRAM, 763.0 MiB read from RAM
strata serve: suffix drafts: 20 windows, 60 of 81 drafts accepted
strata serve: prompt 88970 tokens = 87762 reused + 1208 read in 4548 ms (265.6 tok/s), 125 generated in 2901 ms (43.1 tok/s), drafts accepted 87 of 104, 6 checkpoints
strata serve: decode expert cache hit rate: 73.8% (46664 hits / 63244 lookups); 5876 more read by the GPU over PCIe or from another GPU (8.5% of all 69120 routed)
strata serve: resident RAM: 41.23 GiB of experts in RAM, 634613 exchanged with the VRAM tier, 244738 blob reads from the file
strata serve: expert tiers: GPU 46664 hits this request; since the start RAM 12958856 blobs, files 244738 blobs 4182019.5 MB read (the GGUF in place)
strata serve: file tier I/O this request: the OS read 99.8 MB from storage (196 major faults) for 4616.0 MB of expert reads
strata serve: KV streaming: 98.40% of 12328120 block reads hit VRAM, 792.8 MiB read from RAM
strata serve: suffix drafts: 11 windows, 52 of 55 drafts accepted
strata serve: prompt 89099 tokens = 88965 reused + 134 read in 1686 ms (79.5 tok/s), 431 generated in 8856 ms (48.7 tok/s), drafts accepted 261 of 350, 6 checkpoints
strata serve: decode expert cache hit rate: 85.9% (205981 hits / 239916 lookups); 10644 more read by the GPU over PCIe or from another GPU (4.2% of all 250560 routed)
strata serve: resident RAM: 41.23 GiB of experts in RAM, 638579 exchanged with the VRAM tier, 245013 blob reads from the file
strata serve: expert tiers: GPU 205981 hits this request; since the start RAM 13005202 blobs, files 245013 blobs 4183527.9 MB read (the GGUF in place)
strata serve: file tier I/O this request: the OS read 18.7 MB from storage (5 major faults) for 1508.5 MB of expert reads
strata serve: KV streaming: 98.38% of 13408516 block reads hit VRAM, 875.9 MiB read from RAM
strata serve: suffix drafts: 12 windows, 27 of 42 drafts accepted
strata serve: prompt 93143 tokens = 0 reused + 8192 of 93143 read in 6608 ms (1239.7 tok/s), 0 generated in 0 ms (0.0 tok/s), drafts accepted 0 of 0, 0 checkpoints (cancelled)
strata serve: resident RAM: 41.23 GiB of experts in RAM, 638579 exchanged with the VRAM tier, 247474 blob reads from the file
strata serve: expert tiers: GPU 0 hits this request; since the start RAM 13019348 blobs, files 247474 blobs 4198987.1 MB read (the GGUF in place)
strata serve: file tier I/O this request: the OS read 307.0 MB from storage (479 major faults) for 15459.1 MB of expert reads
strata serve: KV streaming: 100.00% of 0 block reads hit VRAM, 0.0 MiB read from RAM
strata serve: prompt 97881 tokens = 0 reused + 97881 read in 55085 ms (1776.9 tok/s), 1036 generated in 17041 ms (60.8 tok/s), drafts accepted 578 of 715, 6 checkpoints
strata serve: decode expert cache hit rate: 91.7% (505767 hits / 551327 lookups); 12673 more read by the GPU over PCIe or from another GPU (2.2% of all 564000 routed)
strata serve: resident RAM: 41.23 GiB of experts in RAM, 644807 exchanged with the VRAM tier, 249935 blob reads from the file
strata serve: expert tiers: GPU 505767 hits this request; since the start RAM 13258933 blobs, files 249935 blobs 4307200.9 MB read (the GGUF in place)
strata serve: file tier I/O this request: the OS read 96.9 MB from storage (0 major faults) for 108213.9 MB of expert reads
strata serve: KV streaming: 96.68% of 2421680 block reads hit VRAM, 323.6 MiB read from RAM
strata serve: suffix drafts: 20 windows, 42 of 54 drafts accepted
strata serve: prompt 87953 tokens = 0 reused + 87953 read in 50596 ms (1738.3 tok/s), 658 generated in 10846 ms (60.7 tok/s), drafts accepted 381 of 488, 6 checkpoints
strata serve: decode expert cache hit rate: 92.0% (332141 hits / 361033 lookups); 8087 more read by the GPU over PCIe or from another GPU (2.2% of all 369120 routed)
strata serve: resident RAM: 41.23 GiB of experts in RAM, 648950 exchanged with the VRAM tier, 253578 blob reads from the file
strata serve: expert tiers: GPU 332141 hits this request; since the start RAM 13464793 blobs, files 253578 blobs 4407381.3 MB read (the GGUF in place)
strata serve: file tier I/O this request: the OS read 258.8 MB from storage (404 major faults) for 100180.4 MB of expert reads
strata serve: KV streaming: 96.01% of 1587756 block reads hit VRAM, 255.2 MiB read from RAM
strata serve: suffix drafts: 26 windows, 70 of 75 drafts accepted
strata serve: prompt 88003 tokens = 87948 reused + 55 read in 743 ms (74.0 tok/s), 264 generated in 4500 ms (58.7 tok/s), drafts accepted 175 of 203, 6 checkpoints
strata serve: decode expert cache hit rate: 89.5% (122665 hits / 137068 lookups); 4532 more read by the GPU over PCIe or from another GPU (3.2% of all 141600 routed)
strata serve: resident RAM: 41.23 GiB of experts in RAM, 650906 exchanged with the VRAM tier, 253578 blob reads from the file
strata serve: expert tiers: GPU 122665 hits this request; since the start RAM 13488146 blobs, files 253578 blobs 4407381.3 MB read (the GGUF in place)
strata serve: file tier I/O this request: the OS read 6.9 MB from storage (0 major faults) for 0.0 MB of expert reads
strata serve: KV streaming: 96.18% of 2304608 block reads hit VRAM, 354.5 MiB read from RAM
strata serve: suffix drafts: 11 windows, 40 of 44 drafts accepted
strata serve: prompt 88055 tokens = 87998 reused + 57 read in 703 ms (81.1 tok/s), 132 generated in 2195 ms (60.1 tok/s), drafts accepted 86 of 100, 6 checkpoints
strata serve: decode expert cache hit rate: 91.2% (63477 hits / 69636 lookups); 1884 more read by the GPU over PCIe or from another GPU (2.6% of all 71520 routed)
strata serve: resident RAM: 41.23 GiB of experts in RAM, 651865 exchanged with the VRAM tier, 253578 blob reads from the file
strata serve: expert tiers: GPU 63477 hits this request; since the start RAM 13500881 blobs, files 253578 blobs 4407381.3 MB read (the GGUF in place)
strata serve: file tier I/O this request: the OS read 3.9 MB from storage (0 major faults) for 0.0 MB of expert reads
strata serve: KV streaming: 96.38% of 2725668 block reads hit VRAM, 397.9 MiB read from RAM
strata serve: suffix drafts: 3 windows, 13 of 13 drafts accepted
strata serve: prompt 88104 tokens = 88050 reused + 54 read in 615 ms (87.8 tok/s), 100 generated in 1568 ms (63.8 tok/s), drafts accepted 70 of 81, 6 checkpoints
strata serve: decode expert cache hit rate: 92.2% (49241 hits / 53401 lookups); 1319 more read by the GPU over PCIe or from another GPU (2.4% of all 54720 routed)
strata serve: resident RAM: 41.23 GiB of experts in RAM, 652729 exchanged with the VRAM tier, 253578 blob reads from the file
strata serve: expert tiers: GPU 49241 hits this request; since the start RAM 13510239 blobs, files 253578 blobs 4407381.3 MB read (the GGUF in place)
strata serve: file tier I/O this request: the OS read 1.6 MB from storage (0 major faults) for 0.0 MB of expert reads
strata serve: KV streaming: 96.64% of 3068688 block reads hit VRAM, 415.1 MiB read from RAM
strata serve: suffix drafts: 4 windows, 10 of 12 drafts accepted
strata serve: prompt 88151 tokens = 88099 reused + 52 read in 535 ms (97.2 tok/s), 91 generated in 1294 ms (70.3 tok/s), drafts accepted 63 of 69, 6 checkpoints
strata serve: decode expert cache hit rate: 92.7% (42217 hits / 45544 lookups); 1016 more read by the GPU over PCIe or from another GPU (2.2% of all 46560 routed)
strata serve: resident RAM: 41.23 GiB of experts in RAM, 653339 exchanged with the VRAM tier, 253578 blob reads from the file
strata serve: expert tiers: GPU 42217 hits this request; since the start RAM 13517903 blobs, files 253578 blobs 4407381.3 MB read (the GGUF in place)
strata serve: file tier I/O this request: the OS read 1.3 MB from storage (0 major faults) for 0.0 MB of expert reads
strata serve: KV streaming: 96.90% of 3372676 block reads hit VRAM, 421.6 MiB read from RAM
strata serve: suffix drafts: 2 windows, 4 of 6 drafts accepted
strata serve: prompt 88277 tokens = 88146 reused + 131 read in 1566 ms (83.7 tok/s), 798 generated in 13073 ms (61.0 tok/s), drafts accepted 574 of 636, 6 checkpoints
strata serve: decode expert cache hit rate: 86.0% (338953 hits / 394348 lookups); 18932 more read by the GPU over PCIe or from another GPU (4.6% of all 413280 routed)
strata serve: resident RAM: 41.23 GiB of experts in RAM, 658280 exchanged with the VRAM tier, 253853 blob reads from the file
strata serve: expert tiers: GPU 338953 hits this request; since the start RAM 13588157 blobs, files 253853 blobs 4408874.9 MB read (the GGUF in place)
strata serve: file tier I/O this request: the OS read 44.0 MB from storage (41 major faults) for 1493.6 MB of expert reads
strata serve: KV streaming: 97.28% of 5149384 block reads hit VRAM, 564.8 MiB read from RAM
strata serve: suffix drafts: 66 windows, 319 of 324 drafts accepted
strata serve: prompt 88325 tokens = 88272 reused + 53 read in 825 ms (64.2 tok/s), 631 generated in 9626 ms (65.5 tok/s), drafts accepted 474 of 509, 6 checkpoints
strata serve: decode expert cache hit rate: 88.3% (272605 hits / 308679 lookups); 12441 more read by the GPU over PCIe or from another GPU (3.9% of all 321120 routed)
strata serve: resident RAM: 41.23 GiB of experts in RAM, 662120 exchanged with the VRAM tier, 253853 blob reads from the file
strata serve: expert tiers: GPU 272605 hits this request; since the start RAM 13640166 blobs, files 253853 blobs 4408874.9 MB read (the GGUF in place)
strata serve: file tier I/O this request: the OS read 5.6 MB from storage (0 major faults) for 0.0 MB of expert reads
strata serve: KV streaming: 97.44% of 6630328 block reads hit VRAM, 684.2 MiB read from RAM
strata serve: suffix drafts: 71 windows, 326 of 331 drafts accepted
strata serve: prompt 88371 tokens = 88320 reused + 51 read in 819 ms (62.2 tok/s), 60 generated in 1320 ms (45.5 tok/s), drafts accepted 42 of 47, 6 checkpoints
strata serve: decode expert cache hit rate: 76.7% (23215 hits / 30274 lookups); 2366 more read by the GPU over PCIe or from another GPU (7.2% of all 32640 routed)
strata serve: resident RAM: 41.23 GiB of experts in RAM, 662600 exchanged with the VRAM tier, 253853 blob reads from the file
strata serve: expert tiers: GPU 23215 hits this request; since the start RAM 13654612 blobs, files 253853 blobs 4408874.9 MB read (the GGUF in place)
strata serve: file tier I/O this request: the OS read 2.8 MB from storage (0 major faults) for 0.0 MB of expert reads
strata serve: KV streaming: 97.42% of 6872700 block reads hit VRAM, 713.9 MiB read from RAM
strata serve: suffix drafts: 2 windows, 10 of 10 drafts accepted
strata serve: prompt 88968 tokens = 88366 reused + 602 read in 3130 ms (192.3 tok/s), 683 generated in 11065 ms (61.7 tok/s), drafts accepted 517 of 582, 6 checkpoints
strata serve: decode expert cache hit rate: 86.4% (296729 hits / 343368 lookups); 16632 more read by the GPU over PCIe or from another GPU (4.6% of all 360000 routed)
strata serve: resident RAM: 41.23 GiB of experts in RAM, 666632 exchanged with the VRAM tier, 254237 blob reads from the file
strata serve: expert tiers: GPU 296729 hits this request; since the start RAM 13721726 blobs, files 254237 blobs 4411241.4 MB read (the GGUF in place)
strata serve: file tier I/O this request: the OS read 84.4 MB from storage (126 major faults) for 2366.5 MB of expert reads
strata serve: KV streaming: 97.61% of 8421400 block reads hit VRAM, 809.6 MiB read from RAM
strata serve: suffix drafts: 80 windows, 349 of 380 drafts accepted
strata serve: prompt 89015 tokens = 88963 reused + 52 read in 833 ms (62.4 tok/s), 692 generated in 11745 ms (58.9 tok/s), drafts accepted 505 of 577, 6 checkpoints
strata serve: decode expert cache hit rate: 86.0% (301455 hits / 350683 lookups); 17477 more read by the GPU over PCIe or from another GPU (4.7% of all 368160 routed)
strata serve: resident RAM: 41.23 GiB of experts in RAM, 670984 exchanged with the VRAM tier, 254237 blob reads from the file
strata serve: expert tiers: GPU 301455 hits this request; since the start RAM 13789867 blobs, files 254237 blobs 4411241.4 MB read (the GGUF in place)
strata serve: file tier I/O this request: the OS read 8.5 MB from storage (0 major faults) for 0.0 MB of expert reads
strata serve: KV streaming: 97.65% of 10101572 block reads hit VRAM, 955.0 MiB read from RAM
strata serve: suffix drafts: 87 windows, 380 of 399 drafts accepted
strata serve: prompt 89064 tokens = 89010 reused + 54 read in 860 ms (62.8 tok/s), 916 generated in 17265 ms (53.1 tok/s), drafts accepted 579 of 709, 6 checkpoints
strata serve: decode expert cache hit rate: 85.7% (411235 hits / 480065 lookups); 22975 more read by the GPU over PCIe or from another GPU (4.6% of all 503040 routed)
strata serve: resident RAM: 41.23 GiB of experts in RAM, 677783 exchanged with the VRAM tier, 254237 blob reads from the file
strata serve: expert tiers: GPU 411235 hits this request; since the start RAM 13881639 blobs, files 254237 blobs 4411241.4 MB read (the GGUF in place)
strata serve: file tier I/O this request: the OS read 20.2 MB from storage (0 major faults) for 0.0 MB of expert reads
strata serve: KV streaming: 97.76% of 12363020 block reads hit VRAM, 1114.2 MiB read from RAM
strata serve: suffix drafts: 112 windows, 323 of 346 drafts accepted
strata serve: prompt 89115 tokens = 89059 reused + 56 read in 943 ms (59.4 tok/s), 608 generated in 10430 ms (58.3 tok/s), drafts accepted 426 of 462, 6 checkpoints
strata serve: decode expert cache hit rate: 86.3% (255244 hits / 295735 lookups); 13865 more read by the GPU over PCIe or from another GPU (4.5% of all 309600 routed)
strata serve: resident RAM: 41.23 GiB of experts in RAM, 682199 exchanged with the VRAM tier, 254237 blob reads from the file
strata serve: expert tiers: GPU 255244 hits this request; since the start RAM 13941423 blobs, files 254237 blobs 4411241.4 MB read (the GGUF in place)
strata serve: file tier I/O this request: the OS read 4.0 MB from storage (0 major faults) for 0.0 MB of expert reads
strata serve: KV streaming: 97.77% of 13800820 block reads hit VRAM, 1237.3 MiB read from RAM
strata serve: suffix drafts: 106 windows, 308 of 318 drafts accepted
strata serve: prompt 89165 tokens = 89110 reused + 55 read in 937 ms (58.7 tok/s), 855 generated in 16192 ms (52.8 tok/s), drafts accepted 584 of 695, 6 checkpoints
strata serve: decode expert cache hit rate: 83.7% (368126 hits / 439588 lookups); 25052 more read by the GPU over PCIe or from another GPU (5.4% of all 464640 routed)
strata serve: resident RAM: 41.23 GiB of experts in RAM, 688448 exchanged with the VRAM tier, 254237 blob reads from the file
strata serve: expert tiers: GPU 368126 hits this request; since the start RAM 14036731 blobs, files 254237 blobs 4411241.4 MB read (the GGUF in place)
strata serve: file tier I/O this request: the OS read 9.7 MB from storage (0 major faults) for 0.0 MB of expert reads
strata serve: KV streaming: 97.75% of 15899988 block reads hit VRAM, 1438.2 MiB read from RAM
strata serve: suffix drafts: 95 windows, 375 of 400 drafts accepted
strata serve: prompt 89216 tokens = 89160 reused + 56 read in 902 ms (62.1 tok/s), 1142 generated in 21164 ms (54.0 tok/s), drafts accepted 720 of 883, 6 checkpoints
strata serve: decode expert cache hit rate: 85.8% (514235 hits / 599151 lookups); 28209 more read by the GPU over PCIe or from another GPU (4.5% of all 627360 routed)
strata serve: resident RAM: 41.23 GiB of experts in RAM, 696744 exchanged with the VRAM tier, 254237 blob reads from the file
strata serve: expert tiers: GPU 514235 hits this request; since the start RAM 14146815 blobs, files 254237 blobs 4411241.4 MB read (the GGUF in place)
strata serve: file tier I/O this request: the OS read 20.4 MB from storage (0 major faults) for 0.0 MB of expert reads
strata serve: KV streaming: 97.77% of 18697548 block reads hit VRAM, 1681.8 MiB read from RAM
strata serve: suffix drafts: 103 windows, 349 of 374 drafts accepted
strata serve: prompt 89264 tokens = 89211 reused + 53 read in 926 ms (57.3 tok/s), 605 generated in 10209 ms (59.3 tok/s), drafts accepted 441 of 501, 6 checkpoints
strata serve: decode expert cache hit rate: 86.4% (264249 hits / 305907 lookups); 14733 more read by the GPU over PCIe or from another GPU (4.6% of all 320640 routed)
strata serve: resident RAM: 41.23 GiB of experts in RAM, 700776 exchanged with the VRAM tier, 254237 blob reads from the file
strata serve: expert tiers: GPU 264249 hits this request; since the start RAM 14207313 blobs, files 254237 blobs 4411241.4 MB read (the GGUF in place)
strata serve: file tier I/O this request: the OS read 3.4 MB from storage (0 major faults) for 0.0 MB of expert reads
strata serve: KV streaming: 97.78% of 20176412 block reads hit VRAM, 1808.2 MiB read from RAM
strata serve: suffix drafts: 102 windows, 356 of 379 drafts accepted
strata serve: prompt 89312 tokens = 89259 reused + 53 read in 932 ms (56.8 tok/s), 777 generated in 14762 ms (52.6 tok/s), drafts accepted 532 of 621, 6 checkpoints
strata serve: decode expert cache hit rate: 83.8% (331553 hits / 395431 lookups); 22169 more read by the GPU over PCIe or from another GPU (5.3% of all 417600 routed)
strata serve: resident RAM: 41.23 GiB of experts in RAM, 706622 exchanged with the VRAM tier, 254237 blob reads from the file
strata serve: expert tiers: GPU 331553 hits this request; since the start RAM 14293890 blobs, files 254237 blobs 4411241.4 MB read (the GGUF in place)
strata serve: file tier I/O this request: the OS read 9.9 MB from storage (0 major faults) for 0.0 MB of expert reads
strata serve: KV streaming: 97.79% of 22070188 block reads hit VRAM, 1968.7 MiB read from RAM
strata serve: suffix drafts: 101 windows, 347 of 363 drafts accepted
strata serve: prompt 89360 tokens = 89307 reused + 53 read in 899 ms (58.9 tok/s), 627 generated in 10958 ms (57.2 tok/s), drafts accepted 455 of 521, 6 checkpoints
strata serve: decode expert cache hit rate: 85.5% (272057 hits / 318321 lookups); 16239 more read by the GPU over PCIe or from another GPU (4.9% of all 334560 routed)
strata serve: resident RAM: 41.23 GiB of experts in RAM, 710846 exchanged with the VRAM tier, 254237 blob reads from the file
strata serve: expert tiers: GPU 272057 hits this request; since the start RAM 14358709 blobs, files 254237 blobs 4411241.4 MB read (the GGUF in place)
strata serve: file tier I/O this request: the OS read 3.2 MB from storage (0 major faults) for 0.0 MB of expert reads
strata serve: KV streaming: 97.79% of 23608644 block reads hit VRAM, 2104.7 MiB read from RAM
strata serve: suffix drafts: 98 windows, 361 of 390 drafts accepted
strata serve: prompt 89410 tokens = 89355 reused + 55 read in 929 ms (59.2 tok/s), 629 generated in 11004 ms (57.2 tok/s), drafts accepted 456 of 520, 6 checkpoints
strata serve: decode expert cache hit rate: 85.6% (272538 hits / 318457 lookups); 16103 more read by the GPU over PCIe or from another GPU (4.8% of all 334560 routed)
strata serve: resident RAM: 41.23 GiB of experts in RAM, 715166 exchanged with the VRAM tier, 254237 blob reads from the file
strata serve: expert tiers: GPU 272538 hits this request; since the start RAM 14423391 blobs, files 254237 blobs 4411241.4 MB read (the GGUF in place)
strata serve: file tier I/O this request: the OS read 2.7 MB from storage (0 major faults) for 0.0 MB of expert reads
strata serve: KV streaming: 97.78% of 25151220 block reads hit VRAM, 2245.4 MiB read from RAM
strata serve: suffix drafts: 96 windows, 357 of 383 drafts accepted
strata serve: prompt 89460 tokens = 89405 reused + 55 read in 939 ms (58.6 tok/s), 941 generated in 17643 ms (53.3 tok/s), drafts accepted 640 of 748, 6 checkpoints
strata serve: decode expert cache hit rate: 83.2% (396903 hits / 477169 lookups); 27791 more read by the GPU over PCIe or from another GPU (5.5% of all 504960 routed)
strata serve: resident RAM: 41.23 GiB of experts in RAM, 721630 exchanged with the VRAM tier, 254237 blob reads from the file
strata serve: expert tiers: GPU 396903 hits this request; since the start RAM 14526589 blobs, files 254237 blobs 4411241.4 MB read (the GGUF in place)
strata serve: file tier I/O this request: the OS read 12.4 MB from storage (0 major faults) for 0.0 MB of expert reads
strata serve: KV streaming: 97.77% of 27422940 block reads hit VRAM, 2461.6 MiB read from RAM
strata serve: suffix drafts: 90 windows, 369 of 398 drafts accepted
strata serve: prompt 89510 tokens = 89455 reused + 55 read in 936 ms (58.8 tok/s), 921 generated in 16792 ms (54.8 tok/s), drafts accepted 645 of 746, 6 checkpoints
strata serve: decode expert cache hit rate: 84.2% (392388 hits / 466146 lookups); 25854 more read by the GPU over PCIe or from another GPU (5.3% of all 492000 routed)
strata serve: resident RAM: 41.23 GiB of experts in RAM, 727819 exchanged with the VRAM tier, 254237 blob reads from the file
strata serve: expert tiers: GPU 392388 hits this request; since the start RAM 14622799 blobs, files 254237 blobs 4411241.4 MB read (the GGUF in place)
strata serve: file tier I/O this request: the OS read 7.0 MB from storage (0 major faults) for 0.0 MB of expert reads
strata serve: KV streaming: 97.76% of 29639204 block reads hit VRAM, 2677.9 MiB read from RAM
strata serve: suffix drafts: 85 windows, 375 of 408 drafts accepted
strata serve: prompt 89558 tokens = 89505 reused + 53 read in 919 ms (57.7 tok/s), 927 generated in 17060 ms (54.3 tok/s), drafts accepted 629 of 733, 6 checkpoints
strata serve: decode expert cache hit rate: 84.7% (399880 hits / 471875 lookups); 24925 more read by the GPU over PCIe or from another GPU (5.0% of all 496800 routed)
strata serve: resident RAM: 41.23 GiB of experts in RAM, 734404 exchanged with the VRAM tier, 254237 blob reads from the file
strata serve: expert tiers: GPU 399880 hits this request; since the start RAM 14717790 blobs, files 254237 blobs 4411241.4 MB read (the GGUF in place)
strata serve: file tier I/O this request: the OS read 5.0 MB from storage (0 major faults) for 0.0 MB of expert reads
strata serve: KV streaming: 97.74% of 31871896 block reads hit VRAM, 2896.3 MiB read from RAM
strata serve: suffix drafts: 105 windows, 374 of 395 drafts accepted
strata serve: prompt 89607 tokens = 89553 reused + 54 read in 942 ms (57.3 tok/s), 438 generated in 8549 ms (51.2 tok/s), drafts accepted 261 of 317, 6 checkpoints
strata serve: decode expert cache hit rate: 86.3% (197223 hits / 228621 lookups); 9939 more read by the GPU over PCIe or from another GPU (4.2% of all 238560 routed)
strata serve: resident RAM: 41.23 GiB of experts in RAM, 738098 exchanged with the VRAM tier, 254237 blob reads from the file
strata serve: expert tiers: GPU 197223 hits this request; since the start RAM 14763923 blobs, files 254237 blobs 4411241.4 MB read (the GGUF in place)
strata serve: file tier I/O this request: the OS read 11.6 MB from storage (0 major faults) for 0.0 MB of expert reads
strata serve: KV streaming: 97.73% of 33001596 block reads hit VRAM, 3016.8 MiB read from RAM
strata serve: suffix drafts: 22 windows, 61 of 64 drafts accepted
strata serve: prompt 89658 tokens = 89602 reused + 56 read in 832 ms (67.3 tok/s), 922 generated in 16975 ms (54.3 tok/s), drafts accepted 619 of 747, 6 checkpoints
strata serve: decode expert cache hit rate: 86.0% (415395 hits / 483032 lookups); 23368 more read by the GPU over PCIe or from another GPU (4.6% of all 506400 routed)
strata serve: resident RAM: 41.23 GiB of experts in RAM, 744451 exchanged with the VRAM tier, 254237 blob reads from the file
strata serve: expert tiers: GPU 415395 hits this request; since the start RAM 14853545 blobs, files 254237 blobs 4411241.4 MB read (the GGUF in place)
strata serve: file tier I/O this request: the OS read 13.4 MB from storage (0 major faults) for 0.0 MB of expert reads
strata serve: KV streaming: 97.73% of 35281520 block reads hit VRAM, 3227.6 MiB read from RAM
strata serve: suffix drafts: 101 windows, 350 of 378 drafts accepted
strata serve: prompt 89707 tokens = 89653 reused + 54 read in 926 ms (58.3 tok/s), 1204 generated in 21296 ms (56.5 tok/s), drafts accepted 752 of 921, 6 checkpoints
strata serve: decode expert cache hit rate: 88.1% (560240 hits / 635712 lookups); 24288 more read by the GPU over PCIe or from another GPU (3.7% of all 660000 routed)
strata serve: resident RAM: 41.23 GiB of experts in RAM, 752486 exchanged with the VRAM tier, 254237 blob reads from the file
strata serve: expert tiers: GPU 560240 hits this request; since the start RAM 14953932 blobs, files 254237 blobs 4411241.4 MB read (the GGUF in place)
strata serve: file tier I/O this request: the OS read 22.5 MB from storage (0 major faults) for 0.0 MB of expert reads
strata serve: KV streaming: 97.77% of 38214624 block reads hit VRAM, 3430.2 MiB read from RAM
strata serve: suffix drafts: 91 windows, 290 of 312 drafts accepted
strata serve: prompt 89753 tokens = 89702 reused + 51 read in 951 ms (53.6 tok/s), 1336 generated in 23230 ms (57.5 tok/s), drafts accepted 825 of 1020, 6 checkpoints
strata serve: decode expert cache hit rate: 88.3% (627678 hits / 710652 lookups); 26628 more read by the GPU over PCIe or from another GPU (3.6% of all 737280 routed)
strata serve: resident RAM: 41.23 GiB of experts in RAM, 760879 exchanged with the VRAM tier, 254237 blob reads from the file
strata serve: expert tiers: GPU 627678 hits this request; since the start RAM 15060930 blobs, files 254237 blobs 4411241.4 MB read (the GGUF in place)
strata serve: file tier I/O this request: the OS read 28.7 MB from storage (0 major faults) for 0.0 MB of expert reads
strata serve: KV streaming: 97.81% of 41472300 block reads hit VRAM, 3666.1 MiB read from RAM
strata serve: suffix drafts: 97 windows, 354 of 401 drafts accepted
strata serve: prompt 89804 tokens = 89748 reused + 56 read in 1047 ms (53.5 tok/s), 770 generated in 13394 ms (57.5 tok/s), drafts accepted 555 of 630, 6 checkpoints
strata serve: decode expert cache hit rate: 85.1% (328388 hits / 385811 lookups); 20269 more read by the GPU over PCIe or from another GPU (5.0% of all 406080 routed)
strata serve: resident RAM: 41.23 GiB of experts in RAM, 765777 exchanged with the VRAM tier, 254237 blob reads from the file
strata serve: expert tiers: GPU 328388 hits this request; since the start RAM 15139501 blobs, files 254237 blobs 4411241.4 MB read (the GGUF in place)
strata serve: file tier I/O this request: the OS read 3.3 MB from storage (0 major faults) for 0.0 MB of expert reads
strata serve: KV streaming: 97.80% of 43322960 block reads hit VRAM, 3845.2 MiB read from RAM
strata serve: suffix drafts: 78 windows, 345 of 374 drafts accepted
strata serve: prompt 89853 tokens = 89799 reused + 54 read in 967 ms (55.8 tok/s), 952 generated in 17354 ms (54.9 tok/s), drafts accepted 633 of 763, 6 checkpoints
strata serve: decode expert cache hit rate: 86.2% (429461 hits / 498479 lookups); 23281 more read by the GPU over PCIe or from another GPU (4.5% of all 521760 routed)
strata serve: resident RAM: 41.23 GiB of experts in RAM, 772506 exchanged with the VRAM tier, 254237 blob reads from the file
strata serve: expert tiers: GPU 429461 hits this request; since the start RAM 15231866 blobs, files 254237 blobs 4411241.4 MB read (the GGUF in place)
strata serve: file tier I/O this request: the OS read 7.4 MB from storage (0 major faults) for 0.0 MB of expert reads
strata serve: KV streaming: 97.80% of 45664508 block reads hit VRAM, 4042.7 MiB read from RAM
strata serve: suffix drafts: 98 windows, 347 of 391 drafts accepted
strata serve: prompt 89902 tokens = 89848 reused + 54 read in 983 ms (54.9 tok/s), 1124 generated in 20335 ms (55.3 tok/s), drafts accepted 717 of 861, 6 checkpoints
strata serve: decode expert cache hit rate: 86.5% (503986 hits / 582671 lookups); 26449 more read by the GPU over PCIe or from another GPU (4.3% of all 609120 routed)
strata serve: resident RAM: 41.23 GiB of experts in RAM, 780128 exchanged with the VRAM tier, 254237 blob reads from the file
strata serve: expert tiers: GPU 503986 hits this request; since the start RAM 15335421 blobs, files 254237 blobs 4411241.4 MB read (the GGUF in place)
strata serve: file tier I/O this request: the OS read 15.3 MB from storage (0 major faults) for 0.0 MB of expert reads
strata serve: KV streaming: 97.81% of 48379928 block reads hit VRAM, 4264.6 MiB read from RAM
strata serve: suffix drafts: 94 windows, 362 of 397 drafts accepted
strata serve: prompt 89951 tokens = 89897 reused + 54 read in 995 ms (54.3 tok/s), 608 generated in 9720 ms (62.5 tok/s), drafts accepted 468 of 525, 6 checkpoints
strata serve: decode expert cache hit rate: 86.2% (262921 hits / 304939 lookups); 15221 more read by the GPU over PCIe or from another GPU (4.8% of all 320160 routed)
strata serve: resident RAM: 41.23 GiB of experts in RAM, 783584 exchanged with the VRAM tier, 254237 blob reads from the file
strata serve: expert tiers: GPU 262921 hits this request; since the start RAM 15395394 blobs, files 254237 blobs 4411241.4 MB read (the GGUF in place)
strata serve: file tier I/O this request: the OS read 2.3 MB from storage (0 major faults) for 0.0 MB of expert reads
strata serve: KV streaming: 97.81% of 49858812 block reads hit VRAM, 4396.6 MiB read from RAM
strata serve: suffix drafts: 80 windows, 367 of 386 drafts accepted
strata serve: prompt 90000 tokens = 89946 reused + 54 read in 953 ms (56.6 tok/s), 852 generated in 15729 ms (54.2 tok/s), drafts accepted 599 of 714, 6 checkpoints
strata serve: decode expert cache hit rate: 84.4% (373554 hits / 442558 lookups); 24002 more read by the GPU over PCIe or from another GPU (5.1% of all 466560 routed)
strata serve: resident RAM: 41.23 GiB of experts in RAM, 789414 exchanged with the VRAM tier, 254237 blob reads from the file
strata serve: expert tiers: GPU 373554 hits this request; since the start RAM 15485913 blobs, files 254237 blobs 4411241.4 MB read (the GGUF in place)
strata serve: file tier I/O this request: the OS read 4.6 MB from storage (0 major faults) for 0.0 MB of expert reads
strata serve: KV streaming: 97.80% of 51964120 block reads hit VRAM, 4604.7 MiB read from RAM
strata serve: suffix drafts: 88 windows, 358 of 411 drafts accepted
strata serve: prompt 90047 tokens = 89995 reused + 52 read in 935 ms (55.6 tok/s), 1052 generated in 18964 ms (55.5 tok/s), drafts accepted 715 of 824, 6 checkpoints
strata serve: decode expert cache hit rate: 85.8% (455682 hits / 531192 lookups); 26088 more read by the GPU over PCIe or from another GPU (4.7% of all 557280 routed)
strata serve: resident RAM: 41.23 GiB of experts in RAM, 797048 exchanged with the VRAM tier, 254237 blob reads from the file
strata serve: expert tiers: GPU 455682 hits this request; since the start RAM 15589215 blobs, files 254237 blobs 4411241.4 MB read (the GGUF in place)
strata serve: file tier I/O this request: the OS read 14.6 MB from storage (0 major faults) for 0.0 MB of expert reads
strata serve: KV streaming: 97.75% of 54453540 block reads hit VRAM, 4933.1 MiB read from RAM
strata serve: suffix drafts: 61 windows, 233 of 258 drafts accepted
strata serve: prompt 90966 tokens = 90042 reused + 924 read in 3958 ms (233.4 tok/s), 567 generated in 10915 ms (51.9 tok/s), drafts accepted 326 of 430, 6 checkpoints
strata serve: decode expert cache hit rate: 88.0% (274815 hits / 312245 lookups); 11275 more read by the GPU over PCIe or from another GPU (3.5% of all 323520 routed)
strata serve: resident RAM: 41.23 GiB of experts in RAM, 801870 exchanged with the VRAM tier, 254907 blob reads from the file
strata serve: expert tiers: GPU 274815 hits this request; since the start RAM 15645938 blobs, files 254907 blobs 4415263.4 MB read (the GGUF in place)
strata serve: file tier I/O this request: the OS read 171.4 MB from storage (199 major faults) for 4022.1 MB of expert reads
strata serve: KV streaming: 97.76% of 55846136 block reads hit VRAM, 5032.9 MiB read from RAM
strata serve: suffix drafts: 34 windows, 104 of 123 drafts accepted
strata serve: prompt 91016 tokens = 90961 reused + 55 read in 778 ms (70.7 tok/s), 886 generated in 14904 ms (59.4 tok/s), drafts accepted 627 of 721, 6 checkpoints
strata serve: decode expert cache hit rate: 87.2% (393094 hits / 450679 lookups); 20201 more read by the GPU over PCIe or from another GPU (4.3% of all 470880 routed)
strata serve: resident RAM: 41.23 GiB of experts in RAM, 807651 exchanged with the VRAM tier, 254907 blob reads from the file
strata serve: expert tiers: GPU 393094 hits this request; since the start RAM 15726232 blobs, files 254907 blobs 4415263.4 MB read (the GGUF in place)
strata serve: file tier I/O this request: the OS read 9.9 MB from storage (0 major faults) for 0.0 MB of expert reads
strata serve: KV streaming: 97.73% of 57972028 block reads hit VRAM, 5295.6 MiB read from RAM
strata serve: suffix drafts: 57 windows, 210 of 231 drafts accepted
strata serve: prompt 91112 tokens = 91011 reused + 101 read in 1456 ms (69.4 tok/s), 384 generated in 8265 ms (46.5 tok/s), drafts accepted 190 of 251, 6 checkpoints
strata serve: decode expert cache hit rate: 86.8% (178573 hits / 205799 lookups); 7801 more read by the GPU over PCIe or from another GPU (3.7% of all 213600 routed)
strata serve: resident RAM: 41.23 GiB of experts in RAM, 811624 exchanged with the VRAM tier, 255182 blob reads from the file
strata serve: expert tiers: GPU 178573 hits this request; since the start RAM 15764029 blobs, files 255182 blobs 4416556.5 MB read (the GGUF in place)
strata serve: file tier I/O this request: the OS read 39.7 MB from storage (22 major faults) for 1293.1 MB of expert reads
strata serve: KV streaming: 97.74% of 58894264 block reads hit VRAM, 5355.1 MiB read from RAM
strata serve: suffix drafts: 3 windows, 6 of 9 drafts accepted
strata serve: prompt 91162 tokens = 91107 reused + 55 read in 754 ms (73.0 tok/s), 234 generated in 4037 ms (58.0 tok/s), drafts accepted 140 of 187, 6 checkpoints
strata serve: decode expert cache hit rate: 92.1% (122482 hits / 133045 lookups); 2795 more read by the GPU over PCIe or from another GPU (2.1% of all 135840 routed)
strata serve: resident RAM: 41.23 GiB of experts in RAM, 813472 exchanged with the VRAM tier, 255182 blob reads from the file
strata serve: expert tiers: GPU 122482 hits this request; since the start RAM 15782566 blobs, files 255182 blobs 4416556.5 MB read (the GGUF in place)
strata serve: file tier I/O this request: the OS read 8.8 MB from storage (0 major faults) for 0.0 MB of expert reads
strata serve: KV streaming: 97.75% of 59586460 block reads hit VRAM, 5395.7 MiB read from RAM
strata serve: suffix drafts: 3 windows, 8 of 11 drafts accepted
strata serve: prompt 91212 tokens = 91157 reused + 55 read in 716 ms (76.8 tok/s), 206 generated in 3557 ms (57.9 tok/s), drafts accepted 115 of 153, 6 checkpoints
strata serve: decode expert cache hit rate: 93.3% (108210 hits / 116026 lookups); 2054 more read by the GPU over PCIe or from another GPU (1.7% of all 118080 routed)
strata serve: resident RAM: 41.23 GiB of experts in RAM, 814971 exchanged with the VRAM tier, 255182 blob reads from the file
strata serve: expert tiers: GPU 108210 hits this request; since the start RAM 15797689 blobs, files 255182 blobs 4416556.5 MB read (the GGUF in place)
strata serve: file tier I/O this request: the OS read 8.1 MB from storage (0 major faults) for 0.0 MB of expert reads
strata serve: KV streaming: 97.75% of 60202664 block reads hit VRAM, 5444.6 MiB read from RAM
strata serve: suffix drafts: 6 windows, 12 of 12 drafts accepted
strata serve: prompt 91262 tokens = 91207 reused + 55 read in 681 ms (80.8 tok/s), 773 generated in 12647 ms (61.1 tok/s), drafts accepted 550 of 632, 6 checkpoints
strata serve: decode expert cache hit rate: 88.2% (348965 hits / 395693 lookups); 16147 more read by the GPU over PCIe or from another GPU (3.9% of all 411840 routed)
strata serve: resident RAM: 41.23 GiB of experts in RAM, 820081 exchanged with the VRAM tier, 255182 blob reads from the file
strata serve: expert tiers: GPU 348965 hits this request; since the start RAM 15862711 blobs, files 255182 blobs 4416556.5 MB read (the GGUF in place)
strata serve: file tier I/O this request: the OS read 11.0 MB from storage (0 major faults) for 0.0 MB of expert reads
strata serve: KV streaming: 97.74% of 62075924 block reads hit VRAM, 5646.1 MiB read from RAM
strata serve: suffix drafts: 60 windows, 224 of 249 drafts accepted
strata serve: prompt 91305 tokens = 91257 reused + 48 read in 674 ms (71.3 tok/s), 594 generated in 10904 ms (54.5 tok/s), drafts accepted 329 of 456, 6 checkpoints
strata serve: decode expert cache hit rate: 90.2% (304160 hits / 337119 lookups); 8961 more read by the GPU over PCIe or from another GPU (2.6% of all 346080 routed)
strata serve: resident RAM: 41.23 GiB of experts in RAM, 824910 exchanged with the VRAM tier, 255182 blob reads from the file
strata serve: expert tiers: GPU 304160 hits this request; since the start RAM 15907819 blobs, files 255182 blobs 4416556.5 MB read (the GGUF in place)
strata serve: file tier I/O this request: the OS read 29.3 MB from storage (0 major faults) for 0.0 MB of expert reads
strata serve: KV streaming: 97.74% of 63653400 block reads hit VRAM, 5786.0 MiB read from RAM
strata serve: suffix drafts: 6 windows, 12 of 22 drafts accepted
